Abadia de Goiás;9
Abadia dos Dourados;13
Abadiânia;9
Abaeté;13
Abaetetuba;16
Abaiara;6
Abaíra;5
Abaré;5
Abatiá;15
Abdon Batista;24
Abelardo Luz;24
Abel Figueiredo;16
Abre Campo;13
Abreu E Lima;17
Abreulândia;27
Acaiaca;13
Açailândia;10
Acajutiba;5
Acará;16
Acarape;6
Acaraú;6
Acari;20
Acauã;18
Aceguá;21
Acopiara;6
Acorizal;12
Acrelândia;1
Acreúna;9
Açucena;13
Açu;20
Adamantina;25
Adelândia;9
Adolfo;25
Adrianópolis;15
Adustina;5
Afogados da Ingazeira;17
Afonso Bezerra;20
Afonso Cláudio;8
Afonso Cunha;10
Afrânio;17
Afuá;16
Agrestina;17
Agricolândia;18
Agrolândia;24
Agronômica;24
Água Azul do Norte;16
Água Boa;13
Água Boa;12
Água Branca;2
Água Branca;14
Água Branca;18
Água Clara;11
Água Comprida;13
Água Doce do Maranhão;10
Água Doce do Norte;8
Água Doce;24
Água Fria;5
Água Fria de Goiás;9
Aguaí;25
Água Limpa;9
Aguanil;13
Água Nova;20
Água Preta;17
Água Santa;21
Águas Belas;17
Águas da Prata;25
Águas de Chapecó;24
Águas de Lindóia;25
Águas de Santa Bárbara;25
Águas de São Pedro;25
Águas Formosas;13
Águas Frias;24
Águas Lindas de Goiás;9
Águas Mornas;24
Águas Vermelhas;13
Agudo;21
Agudos do Sul;15
Agudos;25
Águia Branca;8
Aguiarnópolis;27
Aguiar;14
Aimorés;13
Aiquara;5
Aiuaba;6
Aiuruoca;13
Ajuricaba;21
Alagoa Grande;14
Alagoa;13
Alagoa Nova;14
Alagoinha do Piauí;18
Alagoinha;14
Alagoinha;17
Alagoinhas;5
Alambari;25
Albertina;13
Alcântara;10
Alcântaras;6
Alcantil;14
Alcinópolis;11
Alcobaça;5
Aldeias Altas;10
Alecrim;21
Alegre;8
Alegrete do Piauí;18
Alegrete;21
Alegria;21
Além Paraíba;13
Alenquer;16
Alexandria;20
Alexânia;9
Alfenas;13
Alfredo Chaves;8
Alfredo Marcondes;25
Alfredo Vasconcelos;13
Alfredo Wagner;24
Algodão de Jandaíra;14
Alhandra;14
Aliança do Tocantins;27
Aliança;17
Almadina;5
Almas;27
Almeirim;16
Almenara;13
Almino Afonso;20
Almirante Tamandaré do Sul;21
Almirante Tamandaré;15
Aloândia;9
Alpercata;13
Alpestre;21
Alpinópolis;13
Alta Floresta D'Oeste;22
Alta Floresta;12
Altair;25
Altamira do Maranhão;10
Altamira do Paraná;15
Altamira;16
Altaneira;6
Alterosa;13
Altinho;17
Altinópolis;25
Alto Alegre do Maranhão;10
Alto Alegre do Pindaré;10
Alto Alegre dos Parecis;22
Alto Alegre;23
Alto Alegre;21
Alto Alegre;25
Alto Araguaia;12
Alto Bela Vista;24
Alto Boa Vista;12
Alto Caparaó;13
Alto do Rodrigues;20
Alto Feliz;21
Alto Garças;12
Alto Horizonte;9
Alto Jequitibá;13
Alto Longá;18
Altônia;15
Alto Paraguai;12
Alto Paraíso de Goiás;9
Alto Paraíso;15
Alto Paraíso;22
Alto Paraná;15
Alto Parnaíba;10
Alto Piquiri;15
Alto Rio Doce;13
Alto Rio Novo;8
Alto Santo;6
Altos;18
Alto Taquari;12
Alumínio;25
Alvarães;4
Alvarenga;13
Álvares Florence;25
Álvares Machado;25
Álvaro de Carvalho;25
Alvinlândia;25
Alvinópolis;13
Alvorada de Minas;13
Alvorada D'Oeste;22
Alvorada do Gurguéia;18
Alvorada do Norte;9
Alvorada do Sul;15
Alvorada;21
Alvorada;27
Amajari;23
Amambai;11
Amapá;3
Amapá do Maranhão;10
Amaporã;15
Amaraji;17
Amaral Ferrador;21
Amaralina;9
Amarante do Maranhão;10
Amarante;18
Amargosa;5
Amaturá;4
Amélia Rodrigues;5
América Dourada;5
Americana;25
Americano do Brasil;9
Américo Brasiliense;25
Américo de Campos;25
Ametista do Sul;21
Amontada;6
Amorinópolis;9
Amparo de São Francisco;26
Amparo do Serra;13
Amparo;14
Amparo;25
Ampére;15
Anadia;2
Anagé;5
Anahy;15
Anajás;16
Anajatuba;10
Analândia;25
Anamã;4
Ananás;27
Ananindeua;16
Anápolis;9
Anapu;16
Anapurus;10
Anastácio;11
Anaurilândia;11
Anchieta;8
Anchieta;24
Andaraí;5
Andirá;15
Andorinha;5
Andradas;13
Andradina;25
André da Rocha;21
Andrelândia;13
Angatuba;25
Angelândia;13
Angélica;11
Angelim;17
Angelina;24
Angical;5
Angical do Piauí;18
Angicos;20
Angico;27
Angra dos Reis;19
Anguera;5
Ângulo;15
Anhanguera;9
Anhembi;25
Anhumas;25
Anicuns;9
Anísio de Abreu;18
Anita Garibaldi;24
Anitápolis;24
Anori;4
Anta Gorda;21
Antas;5
Antonina do Norte;6
Antonina;15
Antônio Almeida;18
Antônio Cardoso;5
Antônio Carlos;13
Antônio Carlos;24
Antônio Dias;13
Antônio Gonçalves;5
Antônio João;11
Antônio Martins;20
Antônio Olinto;15
Antônio Prado de Minas;13
Antônio Prado;21
Aparecida de Goiânia;9
Aparecida D'Oeste;25
Aparecida do Rio Doce;9
Aparecida do Rio Negro;27
Aparecida do Taboado;11
Aparecida;14
Aparecida;25
Aperibé;19
Apiacá;8
Apiacás;12
Apiaí;25
Apicum-Açu;10
Apiúna;24
Apodi;20
Aporá;5
Aporé;9
Apuarema;5
Apucarana;15
Apuí;4
Apuiarés;6
Aquidabã;26
Aquidauana;11
Aquiraz;6
Arabutã;24
Araçagi;14
Araçaí;13
Aracaju;26
Araçariguama;25
Araças;5
Aracati;6
Aracatu;5
Araçatuba;25
Araci;5
Aracitaba;13
Aracoiaba;6
Araçoiaba da Serra;25
Araçoiaba;17
Aracruz;8
Araçuaí;13
Araçu;9
Aragarças;9
Aragoiânia;9
Aragominas;27
Araguacema;27
Araguaçu;27
Araguaiana;12
Araguaína;27
Araguainha;12
Araguanã;10
Araguanã;27
Araguapaz;9
Araguari;13
Araguatins;27
Araioses;10
Aral Moreira;11
Aramari;5
Arambaré;21
Arame;10
Aramina;25
Arandu;25
Arantina;13
Arapeí;25
Arapiraca;2
Arapoema;27
Araponga;13
Arapongas;15
Araporã;13
Arapoti;15
Arapuá;13
Arapuã;15
Araputanga;12
Araquari;24
Araranguá;24
Arara;14
Araraquara;25
Araras;25
Ararendá;6
Araricá;21
Arari;10
Araripe;6
Araripina;17
Araruama;19
Araruna;14
Araruna;15
Arataca;5
Aratiba;21
Aratuba;6
Aratuípe;5
Arauá;26
Araucária;15
Araújos;13
Araxá;13
Arceburgo;13
Arco-Íris;25
Arcos;13
Arcoverde;17
Areado;13
Areal;19
Arealva;25
Areia Branca;20
Areia Branca;26
Areia de Baraúnas;14
Areial;14
Areia;14
Areias;25
Areiópolis;25
Arenápolis;12
Arenópolis;9
Arês;20
Argirita;13
Aricanduva;13
Arinos;13
Aripuanã;12
Ariquemes;22
Ariranha do Ivaí;15
Ariranha;25
Armação dos Búzios;19
Armazém;24
Arneiroz;6
Aroazes;18
Aroeiras do Itaim;18
Aroeiras;14
Arraial do Cabo;19
Arraial;18
Arraias;27
Arroio do Meio;21
Arroio do Padre;21
Arroio do Sal;21
Arroio dos Ratos;21
Arroio do Tigre;21
Arroio Grande;21
Arroio Trinta;24
Artur Nogueira;25
Aruanã;9
Arujá;25
Arvoredo;24
Arvorezinha;21
Ascurra;24
Aspásia;25
Assaí;15
Assaré;6
Assis Brasil;1
Assis Chateaubriand;15
Assis;25
Assunção do Piauí;18
Assunção;14
Astolfo Dutra;13
Astorga;15
Atalaia;2
Atalaia do Norte;4
Atalaia;15
Atalanta;24
Ataléia;13
Atibaia;25
Atilio Vivacqua;8
Augustinópolis;27
Augusto Corrêa;16
Augusto de Lima;13
Augusto Pestana;21
Augusto Severo;20
Áurea;21
Aurelino Leal;5
Auriflama;25
Aurilândia;9
Aurora;6
Aurora do Pará;16
Aurora do Tocantins;27
Aurora;24
Autazes;4
Avaí;25
Avanhandava;25
Avaré;25
Aveiro;16
Avelino Lopes;18
Avelinópolis;9
Axixá do Tocantins;27
Axixá;10
Babaçulândia;27
Bacabal;10
Bacabeira;10
Bacuri;10
Bacurituba;10
Bady Bassitt;25
Baependi;13
Bagé;21
Bagre;16
Baía da Traição;14
Baía Formosa;20
Baianópolis;5
Baião;16
Baixa Grande;5
Baixa Grande do Ribeiro;18
Baixio;6
Baixo Guandu;8
Balbinos;25
Baldim;13
Baliza;9
Balneário Arroio do Silva;24
Balneário Barra do Sul;24
Balneário Camboriú;24
Balneário Gaivota;24
Balneário Piçarras;24
Balneário Pinhal;21
Bálsamo;25
Balsa Nova;15
Balsas;10
Bambuí;13
Banabuiú;6
Bananal;25
Bananeiras;14
Bandeira do Sul;13
Bandeira;13
Bandeirante;24
Bandeirantes do Tocantins;27
Bandeirantes;11
Bandeirantes;15
Bannach;16
Banzaê;5
Barão de Antonina;25
Barão de Cocais;13
Barão de Cotegipe;21
Barão de Grajaú;10
Barão de Melgaço;12
Barão de Monte Alto;13
Barão do Triunfo;21
Barão;21
Baraúna;14
Baraúna;20
Barbacena;13
Barbalha;6
Barbosa Ferraz;15
Barbosa;25
Barcarena;16
Barcelona;20
Barcelos;4
Bariri;25
Barra;5
Barra Bonita;24
Barra Bonita;25
Barracão;15
Barracão;21
Barra da Estiva;5
Barra D'Alcântara;18
Barra de Guabiraba;17
Barra de Santana;14
Barra de Santa Rosa;14
Barra de Santo Antônio;2
Barra de São Francisco;8
Barra de São Miguel;2
Barra de São Miguel;14
Barra do Bugres;12
Barra do Chapéu;25
Barra do Choça;5
Barra do Corda;10
Barra do Garças;12
Barra do Guarita;21
Barra do Jacaré;15
Barra do Mendes;5
Barra do Ouro;27
Barra do Piraí;19
Barra do Quaraí;21
Barra do Ribeiro;21
Barra do Rio Azul;21
Barra do Rocha;5
Barra dos Coqueiros;26
Barra do Turvo;25
Barra Funda;21
Barra Longa;13
Barra Mansa;19
Barras;18
Barra Velha;24
Barreira;6
Barreiras;5
Barreiras do Piauí;18
Barreirinha;4
Barreirinhas;10
Barreiros;17
Barretos;25
Barrinha;25
Barro Alto;5
Barro Alto;9
Barrocas;5
Barro;6
Barro Duro;18
Barrolândia;27
Barro Preto;5
Barroquinha;6
Barros Cassal;21
Barroso;13
Barueri;25
Bastos;25
Bataguassu;11
Batalha;2
Batalha;18
Batatais;25
Batayporã;11
Baturité;6
Bauru;25
Bayeux;14
Bebedouro;25
Beberibe;6
Bela Cruz;6
Belágua;10
Bela Vista da Caroba;15
Bela Vista de Goiás;9
Bela Vista de Minas;13
Bela Vista do Maranhão;10
Bela Vista do Paraíso;15
Bela Vista do Piauí;18
Bela Vista do Toldo;24
Bela Vista;11
Belém;2
Belém de Maria;17
Belém do Brejo do Cruz;14
Belém do Piauí;18
Belém do São Francisco;17
Belém;16
Belém;14
Belford Roxo;19
Belmiro Braga;13
Belmonte;5
Belmonte;24
Belo Campo;5
Belo Horizonte;13
Belo Jardim;17
Belo Monte;2
Belo Oriente;13
Belo Vale;13
Belterra;16
Beneditinos;18
Benedito Leite;10
Benedito Novo;24
Benevides;16
Benjamin Constant;4
Benjamin Constant do Sul;21
Bento de Abreu;25
Bento Fernandes;20
Bento Gonçalves;21
Bequimão;10
Berilo;13
Berizal;13
Bernardino Batista;14
Bernardino de Campos;25
Bernardo do Mearim;10
Bernardo Sayão;27
Bertioga;25
Bertolínia;18
Bertópolis;13
Beruri;4
Betânia do Piauí;18
Betânia;17
Betim;13
Bezerros;17
Bias Fortes;13
Bicas;13
Biguaçu;24
Bilac;25
Biquinhas;13
Birigui;25
Biritiba-Mirim;25
Biritinga;5
Bituruna;15
Blumenau;24
Boa Esperança do Iguaçu;15
Boa Esperança do Sul;25
Boa Esperança;8
Boa Esperança;13
Boa Esperança;15
Boa Hora;18
Boa Nova;5
Boa Ventura de São Roque;15
Boa Ventura;14
Boa Viagem;6
Boa Vista da Aparecida;15
Boa Vista das Missões;21
Boa Vista do Buricá;21
Boa Vista do Cadeado;21
Boa Vista do Gurupi;10
Boa Vista do Incra;21
Boa Vista do Ramos;4
Boa Vista do Sul;21
Boa Vista do Tupim;5
Boa Vista;14
Boa Vista;23
Boca da Mata;2
Boca do Acre;4
Bocaina de Minas;13
Bocaina do Sul;24
Bocaina;18
Bocaina;25
Bocaiúva do Sul;15
Bocaiúva;13
Bodocó;17
Bodoquena;11
Bodó;20
Bofete;25
Boituva;25
Bombinhas;24
Bom Conselho;17
Bom Despacho;13
Bom Jardim da Serra;24
Bom Jardim de Goiás;9
Bom Jardim de Minas;13
Bom Jardim;10
Bom Jardim;17
Bom Jardim;19
Bom Jesus da Lapa;5
Bom Jesus da Penha;13
Bom Jesus da Serra;5
Bom Jesus das Selvas;10
Bom Jesus de Goiás;9
Bom Jesus do Amparo;13
Bom Jesus do Araguaia;12
Bom Jesus do Galho;13
Bom Jesus do Itabapoana;19
Bom Jesus do Norte;8
Bom Jesus do Oeste;24
Bom Jesus dos Perdões;25
Bom Jesus do Sul;15
Bom Jesus do Tocantins;16
Bom Jesus do Tocantins;27
Bom Jesus;14
Bom Jesus;18
Bom Jesus;20
Bom Jesus;21
Bom Jesus;24
Bom Lugar;10
Bom Princípio do Piauí;18
Bom Princípio;21
Bom Progresso;21
Bom Repouso;13
Bom Retiro do Sul;21
Bom Retiro;24
Bom Sucesso de Itararé;25
Bom Sucesso do Sul;15
Bom Sucesso;13
Bom Sucesso;14
Bom Sucesso;15
Bonfim do Piauí;18
Bonfim;13
Bonfim;23
Bonfinópolis de Minas;13
Bonfinópolis;9
Boninal;5
Bonito;5
Bonito de Minas;13
Bonito de Santa Fé;14
Bonito;11
Bonito;16
Bonito;17
Bonópolis;9
Boqueirão do Leão;21
Boqueirão do Piauí;18
Boqueirão;14
Boquim;26
Boquira;5
Boracéia;25
Borá;25
Borba;4
Borborema;14
Borborema;25
Borda da Mata;13
Borebi;25
Borrazópolis;15
Bossoroca;21
Botelhos;13
Botucatu;25
Botumirim;13
Botuporã;5
Botuverá;24
Bozano;21
Braço do Norte;24
Braço do Trombudo;24
Bragança;16
Bragança Paulista;25
Braganey;15
Braga;21
Branquinha;2
Brasilândia de Minas;13
Brasilândia do Sul;15
Brasilândia do Tocantins;27
Brasilândia;11
Brasiléia;1
Brasileira;18
Brasília de Minas;13
Brasília;7
Brasil Novo;16
Brasnorte;12
Brasópolis;13
Brás Pires;13
Braúnas;13
Braúna;25
Brazabrantes;9
Brejão;17
Brejetuba;8
Brejinho de Nazaré;27
Brejinho;17
Brejinho;20
Brejo Alegre;25
Brejo da Madre de Deus;17
Brejo de Areia;10
Brejo do Cruz;14
Brejo do Piauí;18
Brejo dos Santos;14
Brejões;5
Brejo Grande do Araguaia;16
Brejo Grande;26
Brejolândia;5
Brejo;10
Brejo Santo;6
Breu Branco;16
Breves;16
Britânia;9
Brochier;21
Brodowski;25
Brotas de Macaúbas;5
Brotas;25
Brumadinho;13
Brumado;5
Brunópolis;24
Brusque;24
Bueno Brandão;13
Buenópolis;13
Buenos Aires;17
Buerarema;5
Bugre;13
Buíque;17
Bujari;1
Bujaru;16
Buri;25
Buritama;25
Buriti Alegre;9
Buriti Bravo;10
Buriticupu;10
Buriti de Goiás;9
Buriti dos Lopes;18
Buriti dos Montes;18
Buriti do Tocantins;27
Buriti;10
Buritinópolis;9
Buritirama;5
Buritirana;10
Buritis;13
Buritis;22
Buritizal;25
Buritizeiro;13
Butiá;21
Caapiranga;4
Caaporã;14
Caarapó;11
Caatiba;5
Cabaceiras do Paraguaçu;5
Cabaceiras;14
Cabeceira Grande;13
Cabeceiras do Piauí;18
Cabeceiras;9
Cabedelo;14
Cabixi;22
Cabo de Santo Agostinho;17
Cabo Frio;19
Cabo Verde;13
Cabrália Paulista;25
Cabreúva;25
Cabrobó;17
Caçador;24
Caçapava do Sul;21
Caçapava;25
Cacaulândia;22
Cacequi;21
Cáceres;12
Cachoeira Alta;9
Cachoeira;5
Cachoeira da Prata;13
Cachoeira de Goiás;9
Cachoeira de Minas;13
Cachoeira de Pajeú;13
Cachoeira do Arari;16
Cachoeira do Piriá;16
Cachoeira dos Índios;14
Cachoeira do Sul;21
Cachoeira Dourada;9
Cachoeira Dourada;13
Cachoeira Grande;10
Cachoeira Paulista;25
Cachoeiras de Macacu;19
Cachoeirinha;17
Cachoeirinha;21
Cachoeirinha;27
Cachoeiro de Itapemirim;8
Cacimba de Areia;14
Cacimba de Dentro;14
Cacimbas;14
Cacimbinhas;2
Cacique Doble;21
Cacoal;22
Caconde;25
Caçu;9
Caculé;5
Caém;5
Caetanópolis;13
Caetanos;5
Caeté;13
Caetés;17
Caetité;5
Cafarnaum;5
Cafeara;15
Cafelândia;15
Cafelândia;25
Cafezal do Sul;15
Caiabu;25
Caiana;13
Caiapônia;9
Caibaté;21
Caibi;24
Caiçara do Norte;20
Caiçara do Rio do Vento;20
Caiçara;14
Caiçara;21
Caicó;20
Caieiras;25
Cairu;5
Caiuá;25
Cajamar;25
Cajapió;10
Cajari;10
Cajati;25
Cajazeiras do Piauí;18
Cajazeiras;14
Cajazeirinhas;14
Cajobi;25
Cajueiro;2
Cajueiro da Praia;18
Cajuri;13
Cajuru;25
Calçado;17
Calçoene;3
Caldas Brandão;14
Caldas;13
Caldas Novas;9
Caldazinha;9
Caldeirão Grande;5
Caldeirão Grande do Piauí;18
Califórnia;15
Calmon;24
Calumbi;17
Camacan;5
Camaçari;5
Camacho;13
Camalaú;14
Camamu;5
Camanducaia;13
Camapuã;11
Camaquã;21
Camaragibe;17
Camargo;21
Cambará do Sul;21
Cambará;15
Cambé;15
Cambira;15
Camboriú;24
Cambuci;19
Cambuí;13
Cambuquira;13
Cametá;16
Camocim;6
Camocim de São Félix;17
Campanário;13
Campanha;13
Campestre;2
Campestre da Serra;21
Campestre de Goiás;9
Campestre do Maranhão;10
Campestre;13
Campinaçu;9
Campina da Lagoa;15
Campina das Missões;21
Campina do Monte Alegre;25
Campina do Simão;15
Campina Grande do Sul;15
Campina Grande;14
Campinápolis;12
Campinas do Piauí;18
Campinas do Sul;21
Campinas;25
Campina Verde;13
Campinorte;9
Campo Alegre;2
Campo Alegre de Goiás;9
Campo Alegre de Lourdes;5
Campo Alegre do Fidalgo;18
Campo Alegre;24
Campo Azul;13
Campo Belo do Sul;24
Campo Belo;13
Campo Bom;21
Campo Bonito;15
Campo do Brito;26
Campo do Meio;13
Campo do Tenente;15
Campo Erê;24
Campo Florido;13
Campo Formoso;5
Campo Grande;2
Campo Grande do Piauí;18
Campo Grande;11
Campo Largo do Piauí;18
Campo Largo;15
Campo Limpo de Goiás;9
Campo Limpo Paulista;25
Campo Magro;15
Campo Maior;18
Campo Mourão;15
Campo Novo de Rondônia;22
Campo Novo do Parecis;12
Campo Novo;21
Campo Redondo;20
Campos Altos;13
Campos Belos;9
Campos Borges;21
Campos de Júlio;12
Campos do Jordão;25
Campos dos Goytacazes;19
Campos Gerais;13
Campos Lindos;27
Campos Novos Paulista;25
Campos Novos;24
Campos Sales;6
Campos Verdes;9
Campo Verde;12
Camutanga;17
Canaã dos Carajás;16
Canaã;13
Canabrava do Norte;12
Cananéia;25
Canapi;2
Canápolis;5
Canápolis;13
Canarana;5
Canarana;12
Canas;25
Cana Verde;13
Canavieira;18
Canavieiras;5
Candeal;5
Candeias;5
Candeias do Jamari;22
Candeias;13
Candelária;21
Candiba;5
Cândido de Abreu;15
Cândido Godói;21
Cândido Mendes;10
Cândido Mota;25
Cândido Rodrigues;25
Cândido Sales;5
Candiota;21
Candói;15
Canela;21
Canelinha;24
Canguaretama;20
Canguçu;21
Canhoba;26
Canhotinho;17
Canindé;6
Canindé de São Francisco;26
Canitar;25
Canoas;21
Canoinhas;24
Cansanção;5
Cantagalo;13
Cantagalo;15
Cantagalo;19
Cantanhede;10
Cantá;23
Canto do Buriti;18
Canudos;5
Canudos do Vale;21
Canutama;4
Capanema;16
Capanema;15
Capão Alto;24
Capão Bonito do Sul;21
Capão Bonito;25
Capão da Canoa;21
Capão do Cipó;21
Capão do Leão;21
Caparaó;13
Capela;2
Capela de Santana;21
Capela do Alto Alegre;5
Capela do Alto;25
Capela Nova;13
Capela;26
Capelinha;13
Capetinga;13
Capim Branco;13
Capim Grosso;5
Capim;14
Capinópolis;13
Capinzal do Norte;10
Capinzal;24
Capistrano;6
Capitão Andrade;13
Capitão de Campos;18
Capitão Enéas;13
Capitão Gervásio Oliveira;18
Capitão Leônidas Marques;15
Capitão Poço;16
Capitão;21
Capitólio;13
Capivari de Baixo;24
Capivari do Sul;21
Capivari;25
Capixaba;1
Capoeiras;17
Caputira;13
Caraá;21
Caracaraí;23
Caracol;11
Caracol;18
Caraguatatuba;25
Caraíbas;5
Caraí;13
Carambeí;15
Caranaíba;13
Carandaí;13
Carangola;13
Carapebus;19
Carapicuíba;25
Caratinga;13
Carauari;4
Caraúbas do Piauí;18
Caraúbas;14
Caraúbas;20
Caravelas;5
Carazinho;21
Carbonita;13
Cardeal da Silva;5
Cardoso Moreira;19
Cardoso;25
Careaçu;13
Careiro;4
Careiro da Várzea;4
Cariacica;8
Caridade;6
Caridade do Piauí;18
Carinhanha;5
Carira;26
Cariré;6
Caririaçu;6
Cariri do Tocantins;27
Cariús;6
Carlinda;12
Carlópolis;15
Carlos Barbosa;21
Carlos Chagas;13
Carlos Gomes;21
Carmésia;13
Carmo da Cachoeira;13
Carmo da Mata;13
Carmo de Minas;13
Carmo do Cajuru;13
Carmo do Paranaíba;13
Carmo do Rio Claro;13
Carmo do Rio Verde;9
Carmolândia;27
Carmópolis de Minas;13
Carmópolis;26
Carmo;19
Carnaíba;17
Carnaúba dos Dantas;20
Carnaubais;20
Carnaubal;6
Carnaubeira da Penha;17
Carneirinho;13
Carneiros;2
Caroebe;23
Carolina;10
Carpina;17
Carrancas;13
Carrapateira;14
Carrasco Bonito;27
Caruaru;17
Carutapera;10
Carvalhópolis;13
Carvalhos;13
Casa Branca;25
Casa Grande;13
Casa Nova;5
Cascalho Rico;13
Casca;21
Cascavel;6
Cascavel;15
Caseara;27
Caseiros;21
Casimiro de Abreu;19
Casinhas;17
Casserengue;14
Cássia dos Coqueiros;25
Cássia;13
Cassilândia;11
Castanhal;16
Castanheira;12
Castanheiras;22
Castelândia;9
Castelo do Piauí;18
Castelo;8
Castilho;25
Castro Alves;5
Castro;15
Cataguases;13
Catalão;9
Catanduva;25
Catanduvas;15
Catanduvas;24
Catarina;6
Catas Altas da Noruega;13
Catas Altas;13
Catende;17
Catiguá;25
Catingueira;14
Catolândia;5
Catolé do Rocha;14
Catu;5
Catuípe;21
Catuji;13
Catunda;6
Caturaí;9
Caturama;5
Caturité;14
Catuti;13
Caucaia;6
Cavalcante;9
Caxambu do Sul;24
Caxambu;13
Caxias do Sul;21
Caxias;10
Caxingó;18
Ceará-Mirim;20
Cedral;10
Cedral;25
Cedro;6
Cedro de São João;26
Cedro do Abaeté;13
Cedro;17
Celso Ramos;24
Centenário do Sul;15
Centenário;21
Centenário;27
Central;5
Central de Minas;13
Central do Maranhão;10
Centralina;13
Centro do Guilherme;10
Centro Novo do Maranhão;10
Cerejeiras;22
Ceres;9
Cerqueira César;25
Cerquilho;25
Cerrito;21
Cerro Azul;15
Cerro Branco;21
Cerro Corá;20
Cerro Grande do Sul;21
Cerro Grande;21
Cerro Largo;21
Cerro Negro;24
Cesário Lange;25
Céu Azul;15
Cezarina;9
Chácara;13
Chã de Alegria;17
Chã Grande;17
Chalé;13
Chapada da Natividade;27
Chapada de Areia;27
Chapada do Norte;13
Chapada dos Guimarães;12
Chapada Gaúcha;13
Chapadão do Céu;9
Chapadão do Lageado;24
Chapadão do Sul;11
Chapada;21
Chapadinha;10
Chapecó;24
Chã Preta;2
Charqueada;25
Charqueadas;21
Charrua;21
Chaval;6
Chavantes;25
Chaves;16
Chiador;13
Chiapetta;21
Chopinzinho;15
Choró;6
Chorozinho;6
Chorrochó;5
Chuí;21
Chupinguaia;22
Chuvisca;21
Cianorte;15
Cícero Dantas;5
Cidade Gaúcha;15
Cidade Ocidental;9
Cidelândia;10
Cidreira;21
Cipó;5
Cipotânea;13
Ciríaco;21
Claraval;13
Claro dos Poções;13
Cláudia;12
Cláudio;13
Clementina;25
Clevelândia;15
Coaraci;5
Coari;4
Cocal de Telha;18
Cocal dos Alves;18
Cocal do Sul;24
Cocalinho;12
Cocal;18
Cocalzinho de Goiás;9
Cocos;5
Codajás;4
Codó;10
Coelho Neto;10
Coimbra;13
Coité do Nóia;2
Coivaras;18
Colares;16
Colatina;8
Colíder;12
Colinas do Sul;9
Colinas do Tocantins;27
Colinas;10
Colina;25
Colinas;21
Colméia;27
Colniza;12
Colômbia;25
Colombo;15
Colônia do Gurguéia;18
Colônia do Piauí;18
Colônia Leopoldina;2
Colorado do Oeste;22
Colorado;15
Colorado;21
Coluna;13
Combinado;27
Comendador Gomes;13
Comendador Levy Gasparian;19
Comercinho;13
Comodoro;12
Conceição da Aparecida;13
Conceição da Barra de Minas;13
Conceição da Barra;8
Conceição da Feira;5
Conceição das Alagoas;13
Conceição das Pedras;13
Conceição de Ipanema;13
Conceição de Macabu;19
Conceição do Almeida;5
Conceição do Araguaia;16
Conceição do Canindé;18
Conceição do Castelo;8
Conceição do Coité;5
Conceição do Jacuípe;5
Conceição do Lago-Açu;10
Conceição do Mato Dentro;13
Conceição do Pará;13
Conceição do Rio Verde;13
Conceição dos Ouros;13
Conceição do Tocantins;27
Conceição;14
Conchal;25
Conchas;25
Concórdia do Pará;16
Concórdia;24
Condado;14
Condado;17
Conde;5
Conde;14
Condeúba;5
Condor;21
Cônego Marinho;13
Confins;13
Confresa;12
Congonhal;13
Congonhas do Norte;13
Congonhas;13
Congonhinhas;15
Congo;14
Conquista D'Oeste;12
Conquista;13
Conselheiro Lafaiete;13
Conselheiro Mairinck;15
Conselheiro Pena;13
Consolação;13
Constantina;21
Contagem;13
Contenda;15
Contendas do Sincorá;5
Coqueiral;13
Coqueiro Baixo;21
Coqueiros do Sul;21
Coqueiro Seco;2
Coração de Jesus;13
Coração de Maria;5
Corbélia;15
Cordeirópolis;25
Cordeiro;19
Cordeiros;5
Cordilheira Alta;24
Cordisburgo;13
Cordislândia;13
Coreaú;6
Coremas;14
Corguinho;11
Coribe;5
Corinto;13
Cornélio Procópio;15
Coroaci;13
Coroados;25
Coroatá;10
Coromandel;13
Coronel Barros;21
Coronel Bicaco;21
Coronel Domingos Soares;15
Coronel Ezequiel;20
Coronel Fabriciano;13
Coronel Freitas;24
Coronel João Pessoa;20
Coronel João Sá;5
Coronel José Dias;18
Coronel Macedo;25
Coronel Martins;24
Coronel Murta;13
Coronel Pacheco;13
Coronel Pilar;21
Coronel Sapucaia;11
Coronel Vivida;15
Coronel Xavier Chaves;13
Córrego Danta;13
Córrego do Bom Jesus;13
Córrego do Ouro;9
Córrego Fundo;13
Córrego Novo;13
Correia Pinto;24
Corrente;18
Correntes;17
Correntina;5
Cortês;17
Corumbá de Goiás;9
Corumbaíba;9
Corumbá;11
Corumbataí do Sul;15
Corumbataí;25
Corumbiara;22
Corupá;24
Coruripe;2
Cosmópolis;25
Cosmorama;25
Costa Marques;22
Costa Rica;11
Cotegipe;5
Cotia;25
Cotiporã;21
Cotriguaçu;12
Couto de Magalhães de Minas;13
Couto Magalhães;27
Coxilha;21
Coxim;11
Coxixola;14
Craíbas;2
Crateús;6
Crato;6
Cravinhos;25
Cravolândia;5
Criciúma;24
Crisólita;13
Crisópolis;5
Crissiumal;21
Cristais;13
Cristais Paulista;25
Cristalândia do Piauí;18
Cristalândia;27
Cristal do Sul;21
Cristália;13
Cristalina;9
Cristal;21
Cristiano Otoni;13
Cristianópolis;9
Cristina;13
Cristinápolis;26
Cristino Castro;18
Cristópolis;5
Crixás do Tocantins;27
Crixás;9
Croatá;6
Cromínia;9
Crucilândia;13
Cruzália;25
Cruz Alta;21
Cruzaltense;21
Cruz;6
Cruz das Almas;5
Cruz do Espírito Santo;14
Cruzeiro da Fortaleza;13
Cruzeiro do Iguaçu;15
Cruzeiro do Oeste;15
Cruzeiro do Sul;1
Cruzeiro do Sul;15
Cruzeiro do Sul;21
Cruzeiro;25
Cruzeta;20
Cruzília;13
Cruz Machado;15
Cruzmaltina;15
Cubatão;25
Cubati;14
Cuiabá;12
Cuité de Mamanguape;14
Cuitegi;14
Cuité;14
Cujubim;22
Cumari;9
Cumaru do Norte;16
Cumaru;17
Cumbe;26
Cunha Porã;24
Cunha;25
Cunhataí;24
Cuparaque;13
Cupira;17
Curaçá;5
Curimatá;18
Curionópolis;16
Curitibanos;24
Curitiba;15
Curiúva;15
Currais Novos;20
Currais;18
Curral de Cima;14
Curral de Dentro;13
Curralinho;16
Curralinhos;18
Curral Novo do Piauí;18
Curral Velho;14
Curuá;16
Curuçá;16
Cururupu;10
Curvelândia;12
Curvelo;13
Custódia;17
Cutias;3
Damianópolis;9
Damião;14
Damolândia;9
Darcinópolis;27
Dário Meira;5
Datas;13
David Canabarro;21
Davinópolis;9
Davinópolis;10
Delfim Moreira;13
Delfinópolis;13
Delmiro Gouveia;2
Delta;13
Demerval Lobão;18
Denise;12
Deodápolis;11
Deputado Irapuan Pinheiro;6
Derrubadas;21
Descalvado;25
Descanso;24
Descoberto;13
Desterro de Entre Rios;13
Desterro do Melo;13
Desterro;14
Dezesseis de Novembro;21
Diadema;25
Diamante D'Oeste;15
Diamante do Norte;15
Diamante do Sul;15
Diamante;14
Diamantina;13
Diamantino;12
Dianópolis;27
Dias D'Ávila;5
Dilermando de Aguiar;21
Diogo de Vasconcelos;13
Dionísio Cerqueira;24
Dionísio;13
Diorama;9
Dirce Reis;25
Dirceu Arcoverde;18
Divina Pastora;26
Divinésia;13
Divino das Laranjeiras;13
Divino de São Lourenço;8
Divinolândia de Minas;13
Divinolândia;25
Divino;13
Divinópolis de Goiás;9
Divinópolis do Tocantins;27
Divinópolis;13
Divisa Alegre;13
Divisa Nova;13
Divisópolis;13
Dobrada;25
Dois Córregos;25
Dois Irmãos das Missões;21
Dois Irmãos do Buriti;11
Dois Irmãos do Tocantins;27
Dois Irmãos;21
Dois Lajeados;21
Dois Riachos;2
Dois Vizinhos;15
Dolcinópolis;25
Dom Aquino;12
Dom Basílio;5
Dom Bosco;13
Dom Cavati;13
Dom Eliseu;16
Dom Expedito Lopes;18
Dom Feliciano;21
Domingos Martins;8
Domingos Mourão;18
Dom Inocêncio;18
Dom Joaquim;13
Dom Macedo Costa;5
Dom Pedrito;21
Dom Pedro de Alcântara;21
Dom Pedro;10
Dom Silvério;13
Dom Viçoso;13
Dona Emma;24
Dona Eusébia;13
Dona Francisca;21
Dona Inês;14
Dores de Campos;13
Dores de Guanhães;13
Dores do Indaiá;13
Dores do Rio Preto;8
Dores do Turvo;13
Doresópolis;13
Dormentes;17
Douradina;11
Douradina;15
Douradoquara;13
Dourados;11
Dourado;25
Doutor Camargo;15
Doutor Maurício Cardoso;21
Doutor Pedrinho;24
Doutor Ricardo;21
Doutor Severiano;20
Doutor Ulysses;15
Doverlândia;9
Dracena;25
Duartina;25
Duas Barras;19
Duas Estradas;14
Dueré;27
Dumont;25
Duque Bacelar;10
Duque de Caxias;19
Durandé;13
Echaporã;25
Ecoporanga;8
Edealina;9
Edéia;9
Eirunepé;4
Eldorado dos Carajás;16
Eldorado do Sul;21
Eldorado;11
Eldorado;25
Elesbão Veloso;18
Elias Fausto;25
Eliseu Martins;18
Elisiário;25
Elísio Medrado;5
Elói Mendes;13
Emas;14
Embaúba;25
Embu-Guaçu;25
Embu;25
Emilianópolis;25
Encantado;21
Encanto;20
Encruzilhada;5
Encruzilhada do Sul;21
Enéas Marques;15
Engenheiro Beltrão;15
Engenheiro Caldas;13
Engenheiro Coelho;25
Engenheiro Navarro;13
Engenheiro Paulo de Frontin;19
Engenho Velho;21
Entre Folhas;13
Entre-Ijuís;21
Entre Rios;5
Entre Rios de Minas;13
Entre Rios do Oeste;15
Entre Rios do Sul;21
Entre Rios;24
Envira;4
Epitaciolândia;1
Equador;20
Erebango;21
Erechim;21
Ererê;6
Érico Cardoso;5
Ermo;24
Ernestina;21
Erval Grande;21
Ervália;13
Erval Seco;21
Erval Velho;24
Escada;17
Esmeralda;21
Esmeraldas;13
Espera Feliz;13
Esperança do Sul;21
Esperança Nova;15
Esperança;14
Esperantina;18
Esperantina;27
Esperantinópolis;10
Espigão Alto do Iguaçu;15
Espigão D'Oeste;22
Espinosa;13
Espírito Santo do Dourado;13
Espírito Santo do Pinhal;25
Espírito Santo do Turvo;25
Espírito Santo;20
Esplanada;5
Espumoso;21
Estação;21
Estância;26
Estância Velha;21
Esteio;21
Estiva Gerbi;25
Estiva;13
Estreito;10
Estrela Dalva;13
Estrela de Alagoas;2
Estrela D'Oeste;25
Estrela do Indaiá;13
Estrela do Norte;9
Estrela do Norte;25
Estrela do Sul;13
Estrela;21
Estrela Velha;21
Euclides da Cunha;5
Euclides da Cunha Paulista;25
Eugênio de Castro;21
Eugenópolis;13
Eunápolis;5
Eusébio;6
Ewbank da Câmara;13
Extrema;13
Extremoz;20
Exu;17
Fagundes;14
Fagundes Varela;21
Faina;9
Fama;13
Faria Lemos;13
Farias Brito;6
Farol;15
Faro;16
Farroupilha;21
Fartura do Piauí;18
Fartura;25
Fátima;5
Fátima do Sul;11
Fátima;27
Faxinal dos Guedes;24
Faxinal do Soturno;21
Faxinal;15
Faxinalzinho;21
Fazenda Nova;9
Fazenda Rio Grande;15
Fazenda Vilanova;21
Feijó;1
Feira da Mata;5
Feira de Santana;5
Feira Grande;2
Feira Nova do Maranhão;10
Feira Nova;17
Feira Nova;26
Felício dos Santos;13
Felipe Guerra;20
Felisburgo;13
Felixlândia;13
Feliz Deserto;2
Feliz Natal;12
Feliz;21
Fênix;15
Fernandes Pinheiro;15
Fernandes Tourinho;13
Fernando de Noronha;17
Fernando Falcão;10
Fernando Pedroza;20
Fernandópolis;25
Fernando Prestes;25
Fernão;25
Ferraz de Vasconcelos;25
Ferreira Gomes;3
Ferreiros;17
Ferros;13
Fervedouro;13
Figueirão;11
Figueira;15
Figueirópolis D'Oeste;12
Figueirópolis;27
Filadélfia;5
Filadélfia;27
Firmino Alves;5
Firminópolis;9
Flexeiras;2
Floraí;15
Florânia;20
Flora Rica;25
Flor da Serra do Sul;15
Flor do Sertão;24
Floreal;25
Flores da Cunha;21
Flores de Goiás;9
Flores do Piauí;18
Flores;17
Floresta Azul;5
Floresta do Araguaia;16
Floresta do Piauí;18
Florestal;13
Floresta;17
Floresta;15
Florestópolis;15
Floriano Peixoto;21
Floriano;18
Florianópolis;24
Flórida Paulista;25
Flórida;15
Florínia;25
Fonte Boa;4
Fontoura Xavier;21
Formiga;13
Formigueiro;21
Formosa da Serra Negra;10
Formosa do Oeste;15
Formosa do Rio Preto;5
Formosa do Sul;24
Formosa;9
Formoso do Araguaia;27
Formoso;9
Formoso;13
Forquetinha;21
Forquilha;6
Forquilhinha;24
Fortaleza;6
Fortaleza de Minas;13
Fortaleza dos Nogueiras;10
Fortaleza dos Valos;21
Fortaleza do Tabocão;27
Fortim;6
Fortuna de Minas;13
Fortuna;10
Foz do Iguaçu;15
Foz do Jordão;15
Fraiburgo;24
Franca;25
Francinópolis;18
Francisco Alves;15
Francisco Ayres;18
Francisco Badaró;13
Francisco Beltrão;15
Francisco Dantas;20
Francisco Dumont;13
Francisco Macedo;18
Francisco Morato;25
Franciscópolis;13
Francisco Sá;13
Francisco Santos;18
Franco da Rocha;25
Frecheirinha;6
Frederico Westphalen;21
Frei Gaspar;13
Frei Inocêncio;13
Frei Lagonegro;13
Frei Martinho;14
Frei Miguelinho;17
Frei Paulo;26
Frei Rogério;24
Fronteira dos Vales;13
Fronteira;13
Fronteiras;18
Fruta de Leite;13
Frutal;13
Frutuoso Gomes;20
Fundão;8
Funilândia;13
Gabriel Monteiro;25
Gado Bravo;14
Gália;25
Galiléia;13
Galinhos;20
Galvão;24
Gameleira de Goiás;9
Gameleira;17
Gameleiras;13
Gandu;5
Garanhuns;17
Gararu;26
Garça;25
Garibaldi;21
Garopaba;24
Garrafão do Norte;16
Garruchos;21
Garuva;24
Gaspar;24
Gastão Vidigal;25
Gaúcha do Norte;12
Gaurama;21
Gavião;5
Gavião Peixoto;25
Geminiano;18
General Câmara;21
General Carneiro;12
General Carneiro;15
General Maynard;26
General Salgado;25
General Sampaio;6
Gentil;21
Gentio do Ouro;5
Getulina;25
Getúlio Vargas;21
Gilbués;18
Girau do Ponciano;2
Giruá;21
Glaucilândia;13
Glicério;25
Glória;5
Glória de Dourados;11
Glória D'Oeste;12
Glória do Goitá;17
Glorinha;21
Godofredo Viana;10
Godoy Moreira;15
Goiabeira;13
Goianá;13
Goiana;17
Goianápolis;9
Goiandira;9
Goianésia do Pará;16
Goianésia;9
Goiânia;9
Goianinha;20
Goianira;9
Goianorte;27
Goiás;9
Goiatins;27
Goiatuba;9
Goioerê;15
Goioxim;15
Gonçalves Dias;10
Gonçalves;13
Gongogi;5
Gonzaga;13
Gouveia;13
Gouvelândia;9
Governador Archer;10
Governador Celso Ramos;24
Governador Dix-Sept Rosado;20
Governador Edison Lobão;10
Governador Eugênio Barros;10
Governador Jorge Teixeira;22
Governador Lindenberg;8
Governador Luiz Rocha;10
Governador Mangabeira;5
Governador Newton Bello;10
Governador Nunes Freire;10
Governador Valadares;13
Graça Aranha;10
Graça;6
Gracho Cardoso;26
Grajaú;10
Gramado dos Loureiros;21
Gramado;21
Gramado Xavier;21
Grandes Rios;15
Granito;17
Granja;6
Granjeiro;6
Grão Mogol;13
Grão Pará;24
Gravataí;21
Gravatal;24
Gravatá;17
Groaíras;6
Grossos;20
Grupiara;13
Guabiju;21
Guabiruba;24
Guaçuí;8
Guadalupe;18
Guaíba;21
Guaiçara;25
Guaimbê;25
Guairaçá;15
Guaíra;15
Guaíra;25
Guaiúba;6
Guajará;4
Guajará-Mirim;22
Guajeru;5
Guamaré;20
Guamiranga;15
Guanambi;5
Guanhães;13
Guapé;13
Guapiaçu;25
Guapiara;25
Guapimirim;19
Guapirama;15
Guapó;9
Guaporema;15
Guaporé;21
Guarabira;14
Guaraçaí;25
Guaraciaba do Norte;6
Guaraciaba;13
Guaraciaba;24
Guaraciama;13
Guaraci;15
Guaraci;25
Guaraíta;9
Guaraí;27
Guaramiranga;6
Guaramirim;24
Guaranésia;13
Guaraniaçu;15
Guarani das Missões;21
Guarani de Goiás;9
Guarani D'Oeste;25
Guarani;13
Guarantã do Norte;12
Guarantã;25
Guarapari;8
Guarapuava;15
Guaraqueçaba;15
Guarará;13
Guararapes;25
Guararema;25
Guará;25
Guaratinga;5
Guaratinguetá;25
Guaratuba;15
Guarda-Mor;13
Guareí;25
Guaribas;18
Guariba;25
Guarinos;9
Guarujá do Sul;24
Guarujá;25
Guarulhos;25
Guatambú;24
Guatapará;25
Guaxupé;13
Guia Lopes da Laguna;11
Guidoval;13
Guimarães;10
Guimarânia;13
Guiratinga;12
Guiricema;13
Gurinhatã;13
Gurinhém;14
Gurjão;14
Gurupá;16
Gurupi;27
Guzolândia;25
Harmonia;21
Heitoraí;9
Heliodora;13
Heliópolis;5
Herculândia;25
Herval D'Oeste;24
Herval;21
Herveiras;21
Hidrolândia;6
Hidrolândia;9
Hidrolina;9
Holambra;25
Honório Serpa;15
Horizonte;6
Horizontina;21
Hortolândia;25
Hugo Napoleão;18
Hulha Negra;21
Humaitá;4
Humaitá;21
Humberto de Campos;10
Iacanga;25
Iaciara;9
Iacri;25
Iaçu;5
Iapu;13
Iaras;25
Iati;17
Ibaiti;15
Ibarama;21
Ibaretama;6
Ibateguara;2
Ibaté;25
Ibatiba;8
Ibema;15
Ibertioga;13
Ibiaçá;21
Ibiaí;13
Ibiá;13
Ibiam;24
Ibiapina;6
Ibiara;14
Ibiassucê;5
Ibicaraí;5
Ibicaré;24
Ibicoara;5
Ibicuí;5
Ibicuitinga;6
Ibimirim;17
Ibipeba;5
Ibipitanga;5
Ibiporã;15
Ibiquera;5
Ibiracatu;13
Ibiraci;13
Ibiraçu;8
Ibiraiaras;21
Ibirajuba;17
Ibirama;24
Ibirapitanga;5
Ibirapuã;5
Ibirapuitã;21
Ibirarema;25
Ibirá;25
Ibirataia;5
Ibirité;13
Ibirubá;21
Ibitiara;5
Ibitinga;25
Ibitirama;8
Ibititá;5
Ibitiúra de Minas;13
Ibituruna;13
Ibiúna;25
Ibotirama;5
Icapuí;6
Icaraí de Minas;13
Icaraíma;15
Içara;24
Icatu;10
Icém;25
Ichu;5
Icó;6
Iconha;8
Ielmo Marinho;20
Iepê;25
Igaci;2
Igaporã;5
Igaraçu do Tietê;25
Igaracy;14
Igarapava;25
Igarapé-Açu;16
Igarapé do Meio;10
Igarapé Grande;10
Igarapé;13
Igarapé-Miri;16
Igarassu;17
Igaratá;25
Igaratinga;13
Igrapiúna;5
Igreja Nova;2
Igrejinha;21
Iguaba Grande;19
Iguaí;5
Iguape;25
Iguaraci;17
Iguaraçu;15
Iguatama;13
Iguatemi;11
Iguatu;6
Iguatu;15
Ijaci;13
Ijuí;21
Ilhabela;25
Ilha Comprida;25
Ilha das Flores;26
Ilha de Itamaracá;17
Ilha Grande;18
Ilha Solteira;25
Ilhéus;5
Ilhota;24
Ilicínea;13
Ilópolis;21
Imaculada;14
Imaruí;24
Imbaú;15
Imbé de Minas;13
Imbé;21
Imbituba;24
Imbituva;15
Imbuia;24
Imigrante;21
Imperatriz;10
Inaciolândia;9
Inácio Martins;15
Inajá;17
Inajá;15
Inconfidentes;13
Indaiabira;13
Indaial;24
Indaiatuba;25
Independência;6
Independência;21
Indiana;25
Indianópolis;13
Indianópolis;15
Indiaporã;25
Indiara;9
Indiaroba;26
Indiavaí;12
Ingaí;13
Ingá;14
Ingazeira;17
Inhacorá;21
Inhambupe;5
Inhangapi;16
Inhapi;2
Inhapim;13
Inhaúma;13
Inhuma;18
Inhumas;9
Inimutaba;13
Inocência;11
Inúbia Paulista;25
Iomerê;24
Ipaba;13
Ipameri;9
Ipanema;13
Ipanguaçu;20
Ipaporanga;6
Ipatinga;13
Ipaumirim;6
Ipaussu;25
Ipecaetá;5
Iperó;25
Ipê;21
Ipeúna;25
Ipiaçu;13
Ipiaú;5
Ipiguá;25
Ipirá;5
Ipiranga de Goiás;9
Ipiranga do Norte;12
Ipiranga do Piauí;18
Ipiranga do Sul;21
Ipiranga;15
Ipira;24
Ipixuna;4
Ipixuna do Pará;16
Ipojuca;17
Iporã do Oeste;24
Iporá;9
Iporanga;25
Iporã;15
Ipuaçu;24
Ipuã;25
Ipubi;17
Ipu;6
Ipueira;20
Ipueiras;6
Ipueiras;27
Ipuiúna;13
Ipumirim;24
Ipupiara;5
Iracema;6
Iracema do Oeste;15
Iracemápolis;25
Iracema;23
Iraceminha;24
Iraí de Minas;13
Iraí;21
Irajuba;5
Iramaia;5
Iranduba;4
Irani;24
Irapuã;25
Irapuru;25
Iraquara;5
Irará;5
Irati;15
Irati;24
Irauçuba;6
Irecê;5
Iretama;15
Irineópolis;24
Irituia;16
Irupi;8
Isaías Coelho;18
Israelândia;9
Itaara;21
Itabaiana;14
Itabaiana;26
Itabaianinha;26
Itabela;5
Itaberaba;5
Itaberaí;9
Itaberá;25
Itabira;13
Itabirinha;13
Itabirito;13
Itabi;26
Itaboraí;19
Itabuna;5
Itacajá;27
Itacambira;13
Itacarambi;13
Itacaré;5
Itacoatiara;4
Itacuruba;17
Itacurubi;21
Itaeté;5
Itagibá;5
Itagi;5
Itagimirim;5
Itaguaçu da Bahia;5
Itaguaçu;8
Itaguaí;19
Itaguajé;15
Itaguara;13
Itaguari;9
Itaguaru;9
Itaguatins;27
Itaíba;17
Itaiçaba;6
Itainópolis;18
Itaiópolis;24
Itaipava do Grajaú;10
Itaipé;13
Itaipulândia;15
Itaí;25
Itaitinga;6
Itaituba;16
Itajá;9
Itajaí;24
Itajá;20
Itajobi;25
Itajubá;13
Itaju do Colônia;5
Itajuípe;5
Itaju;25
Italva;19
Itamaraju;5
Itamarandiba;13
Itamarati;4
Itamarati de Minas;13
Itamari;5
Itambacuri;13
Itambaracá;15
Itambé;5
Itambé do Mato Dentro;13
Itambé;17
Itambé;15
Itamogi;13
Itamonte;13
Itanagra;5
Itanhaém;25
Itanhandu;13
Itanhangá;12
Itanhém;5
Itanhomi;13
Itaobim;13
Itaocara;19
Itaóca;25
Itapaci;9
Itapagé;6
Itapagipe;13
Itaparica;5
Itapé;5
Itapebi;5
Itapecerica da Serra;25
Itapecerica;13
Itapecuru Mirim;10
Itapejara D'Oeste;15
Itapema;24
Itapemirim;8
Itaperuçu;15
Itaperuna;19
Itapetim;17
Itapetinga;5
Itapetininga;25
Itapeva;13
Itapeva;25
Itapevi;25
Itapicuru;5
Itapipoca;6
Itapiranga;4
Itapiranga;24
Itapirapuã;9
Itapirapuã Paulista;25
Itapira;25
Itapiratins;27
Itapissuma;17
Itapitanga;5
Itapiúna;6
Itapoá;24
Itápolis;25
Itaporã do Tocantins;27
Itaporã;11
Itaporanga D'Ajuda;26
Itaporanga;14
Itaporanga;25
Itapororoca;14
Itapuã do Oeste;22
Itapuca;21
Itapuí;25
Itapuranga;9
Itapura;25
Itaquaquecetuba;25
Itaquara;5
Itaquiraí;11
Itaqui;21
Itaquitinga;17
Itarana;8
Itarantim;5
Itararé;25
Itarema;6
Itariri;25
Itarumã;9
Itá;24
Itatiaia;19
Itatiaiuçu;13
Itatiba do Sul;21
Itatiba;25
Itatim;5
Itatinga;25
Itatira;6
Itati;21
Itatuba;14
Itaubal;3
Itaúba;12
Itauçu;9
Itaú de Minas;13
Itaueira;18
Itaúna do Sul;15
Itaúna;13
Itaú;20
Itaverava;13
Itinga do Maranhão;10
Itinga;13
Itiquira;12
Itirapina;25
Itirapuã;25
Itiruçu;5
Itiúba;5
Itobi;25
Itororó;5
Ituaçu;5
Ituberá;5
Itueta;13
Ituiutaba;13
Itumbiara;9
Itumirim;13
Itupeva;25
Itupiranga;16
Ituporanga;24
Iturama;13
Itu;25
Itutinga;13
Ituverava;25
Iuiú;5
Iúna;8
Ivaiporã;15
Ivaí;15
Ivaté;15
Ivatuba;15
Ivinhema;11
Ivolândia;9
Ivorá;21
Ivoti;21
Jaboatão dos Guararapes;17
Jaborandi;5
Jaborandi;25
Jaborá;24
Jaboticabal;25
Jaboticaba;21
Jaboticatubas;13
Jaboti;15
Jaçanã;20
Jacaraci;5
Jacaraú;14
Jacareacanga;16
Jacaré dos Homens;2
Jacareí;25
Jacarezinho;15
Jaciara;12
Jacinto Machado;24
Jacinto;13
Jaci;25
Jacobina;5
Jacobina do Piauí;18
Jacuí;13
Jacuípe;2
Jacuizinho;21
Jacundá;16
Jacupiranga;25
Jacutinga;13
Jacutinga;21
Jaguapitã;15
Jaguaquara;5
Jaguaraçu;13
Jaguarão;21
Jaguarari;5
Jaguaré;8
Jaguaretama;6
Jaguariaíva;15
Jaguaribara;6
Jaguaribe;6
Jaguaripe;5
Jaguari;21
Jaguariúna;25
Jaguaruana;6
Jaguaruna;24
Jaíba;13
Jaicós;18
Jales;25
Jambeiro;25
Jampruca;13
Janaúba;13
Jandaia do Sul;15
Jandaia;9
Jandaíra;5
Jandaíra;20
Jandira;25
Janduís;20
Jangada;12
Janiópolis;15
Januária;13
Januário Cicco;20
Japaraíba;13
Japaratinga;2
Japaratuba;26
Japeri;19
Japira;15
Japi;20
Japoatã;26
Japonvar;13
Japorã;11
Japurá;4
Japurá;15
Jaqueira;17
Jaquirana;21
Jaraguá do Sul;24
Jaraguá;9
Jaraguari;11
Jaramataia;2
Jardim Alegre;15
Jardim;6
Jardim de Angicos;20
Jardim de Piranhas;20
Jardim do Mulato;18
Jardim do Seridó;20
Jardim;11
Jardim Olinda;15
Jardinópolis;24
Jardinópolis;25
Jarinu;25
Jari;21
Jaru;22
Jataí;9
Jataizinho;15
Jataúba;17
Jateí;11
Jati;6
Jatobá do Piauí;18
Jatobá;10
Jatobá;17
Jaú do Tocantins;27
Jaupaci;9
Jauru;12
Jaú;25
Jeceaba;13
Jenipapo de Minas;13
Jenipapo dos Vieiras;10
Jequeri;13
Jequiá da Praia;2
Jequié;5
Jequitaí;13
Jequitibá;13
Jequitinhonha;13
Jeremoabo;5
Jericó;14
Jeriquara;25
Jerônimo Monteiro;8
Jerumenha;18
Jesuânia;13
Jesuítas;15
Jesúpolis;9
Jijoca de Jericoacoara;6
Ji-Paraná;22
Jiquiriçá;5
Jitaúna;5
Joaçaba;24
Joaíma;13
Joanésia;13
Joanópolis;25
João Alfredo;17
João Câmara;20
João Costa;18
João Dias;20
João Dourado;5
João Lisboa;10
João Monlevade;13
João Neiva;8
João Pessoa;14
João Pinheiro;13
João Ramalho;25
Joaquim Felício;13
Joaquim Gomes;2
Joaquim Nabuco;17
Joaquim Pires;18
Joaquim Távora;15
Joca Marques;18
Jóia;21
Joinville;24
Jordânia;13
Jordão;1
José Boiteux;24
José Bonifácio;25
José da Penha;20
José de Freitas;18
José Gonçalves de Minas;13
Joselândia;10
Josenópolis;13
José Raydan;13
Joviânia;9
Juara;12
Juarez Távora;14
Juarina;27
Juatuba;13
Juazeirinho;14
Juazeiro;5
Juazeiro do Norte;6
Juazeiro do Piauí;18
Jucás;6
Jucati;17
Jucuruçu;5
Jucurutu;20
Juína;12
Juiz de Fora;13
Júlio Borges;18
Júlio de Castilhos;21
Júlio Mesquita;25
Jumirim;25
Junco do Maranhão;10
Junco do Seridó;14
Jundiá;2
Jundiaí do Sul;15
Jundiaí;25
Jundiá;20
Junqueiro;2
Junqueirópolis;25
Jupiá;24
Jupi;17
Juquiá;25
Juquitiba;25
Juramento;13
Juranda;15
Jurema;17
Jurema;18
Juripiranga;14
Juruá;4
Juruaia;13
Juruena;12
Juru;14
Juruti;16
Juscimeira;12
Jussara;5
Jussara;9
Jussara;15
Jussari;5
Jussiape;5
Jutaí;4
Juti;11
Juvenília;13
Kaloré;15
Lábrea;4
Lacerdópolis;24
Ladainha;13
Ladário;11
Lafaiete Coutinho;5
Lagamar;13
Lagarto;26
Lages;24
Lagoa Alegre;18
Lagoa Bonita do Sul;21
Lagoa da Canoa;2
Lagoa da Confusão;27
Lagoa D'Anta;20
Lagoa da Prata;13
Lagoa de Dentro;14
Lagoa de Itaenga;17
Lagoa de Pedras;20
Lagoa de São Francisco;18
Lagoa de Velhos;20
Lagoa do Barro do Piauí;18
Lagoa do Carro;17
Lagoa do Mato;10
Lagoa do Ouro;17
Lagoa do Piauí;18
Lagoa dos Gatos;17
Lagoa do Sítio;18
Lagoa dos Patos;13
Lagoa dos Três Cantos;21
Lagoa do Tocantins;27
Lagoa Dourada;13
Lagoa Formosa;13
Lagoa Grande do Maranhão;10
Lagoa Grande;13
Lagoa Grande;17
Lagoa Nova;20
Lagoão;21
Lagoa;14
Lagoa Real;5
Lagoa Salgada;20
Lagoa Santa;9
Lagoa Santa;13
Lagoa Seca;14
Lagoa Vermelha;21
Lago da Pedra;10
Lago do Junco;10
Lago dos Rodrigues;10
Lagoinha do Piauí;18
Lagoinha;25
Lago Verde;10
Laguna Carapã;11
Laguna;24
Lajeado do Bugre;21
Lajeado Grande;24
Lajeado Novo;10
Lajeado;21
Lajeado;27
Laje;5
Lajedão;5
Lajedinho;5
Lajedo do Tabocal;5
Laje do Muriaé;19
Lajedo;17
Lajes Pintadas;20
Lajes;20
Lajinha;13
Lamarão;5
Lambari D'Oeste;12
Lambari;13
Lamim;13
Landri Sales;18
Lapão;5
Lapa;15
Laranja da Terra;8
Laranjal do Jari;3
Laranjal;13
Laranjal Paulista;25
Laranjal;15
Laranjeiras do Sul;15
Laranjeiras;26
Lassance;13
Lastro;14
Laurentino;24
Lauro de Freitas;5
Lauro Muller;24
Lavandeira;27
Lavínia;25
Lavras da Mangabeira;6
Lavras do Sul;21
Lavras;13
Lavrinhas;25
Leandro Ferreira;13
Lebon Régis;24
Leme do Prado;13
Leme;25
Lençóis;5
Lençóis Paulista;25
Leoberto Leal;24
Leopoldina;13
Leopoldo de Bulhões;9
Leópolis;15
Liberato Salzano;21
Liberdade;13
Licínio de Almeida;5
Lidianópolis;15
Lima Campos;10
Lima Duarte;13
Limeira do Oeste;13
Limeira;25
Limoeiro de Anadia;2
Limoeiro do Ajuru;16
Limoeiro do Norte;6
Limoeiro;17
Lindoeste;15
Lindóia do Sul;24
Lindóia;25
Lindolfo Collor;21
Linha Nova;21
Linhares;8
Lins;25
Livramento de Nossa Senhora;5
Livramento;14
Lizarda;27
Loanda;15
Lobato;15
Logradouro;14
Londrina;15
Lontra;13
Lontras;24
Lorena;25
Loreto;10
Lourdes;25
Louveira;25
Lucas do Rio Verde;12
Lucélia;25
Lucena;14
Lucianópolis;25
Luciara;12
Lucrécia;20
Luís Antônio;25
Luisburgo;13
Luís Correia;18
Luís Domingues;10
Luís Eduardo Magalhães;5
Luís Gomes;20
Luislândia;13
Luiz Alves;24
Luiziana;15
Luiziânia;25
Luminárias;13
Lunardelli;15
Lupércio;25
Lupionópolis;15
Lutécia;25
Luzerna;24
Luziânia;9
Luzilândia;18
Luzinópolis;27
Luz;13
Macaé;19
Macaíba;20
Macajuba;5
Maçambará;21
Macambira;26
Macapá;3
Macaparana;17
Macarani;5
Macatuba;25
Macaubal;25
Macaúbas;5
Macau;20
Macedônia;25
Maceió;2
Machacalis;13
Machadinho D'Oeste;22
Machadinho;21
Machado;13
Machados;17
Macieira;24
Macuco;19
Macururé;5
Madalena;6
Madeiro;18
Madre de Deus;5
Madre de Deus de Minas;13
Mãe D'Água;14
Mãe do Rio;16
Maetinga;5
Mafra;24
Magalhães Barata;16
Magalhães de Almeida;10
Magda;25
Magé;19
Maiquinique;5
Mairi;5
Mairinque;25
Mairiporã;25
Mairipotaba;9
Major Gercino;24
Major Isidoro;2
Major Sales;20
Major Vieira;24
Malacacheta;13
Malhada;5
Malhada de Pedras;5
Malhada dos Bois;26
Malhador;26
Mallet;15
Malta;14
Mamanguape;14
Mambaí;9
Mamborê;15
Mamonas;13
Mampituba;21
Manacapuru;4
Manaíra;14
Manaquiri;4
Manari;17
Manaus;4
Mâncio Lima;1
Mandaguaçu;15
Mandaguari;15
Mandirituba;15
Manduri;25
Manfrinópolis;15
Manga;13
Mangaratiba;19
Mangueirinha;15
Manhuaçu;13
Manhumirim;13
Manicoré;4
Manoel Emídio;18
Manoel Ribas;15
Manoel Urbano;1
Manoel Viana;21
Manoel Vitorino;5
Mansidão;5
Mantena;13
Mantenópolis;8
Maquiné;21
Maraã;4
Marabá;16
Marabá Paulista;25
Maracaçumé;10
Maracaí;25
Maracajá;24
Maracaju;11
Maracanã;16
Maracanaú;6
Maracás;5
Maragogi;2
Maragogipe;5
Maraial;17
Marajá do Sena;10
Maranguape;6
Maranhãozinho;10
Marapanim;16
Marapoama;25
Mara Rosa;9
Marataízes;8
Maratá;21
Maraú;5
Marau;21
Maravilha;2
Maravilha;24
Maravilhas;13
Marcação;14
Marcelândia;12
Marcelino Ramos;21
Marcelino Vieira;20
Marcionílio Souza;5
Marco;6
Marcolândia;18
Marcos Parente;18
Mar de Espanha;13
Marechal Cândido Rondon;15
Marechal Deodoro;2
Marechal Floriano;8
Marechal Thaumaturgo;1
Marema;24
Maria da Fé;13
Maria Helena;15
Marialva;15
Mariana;13
Mariana Pimentel;21
Mariano Moro;21
Marianópolis do Tocantins;27
Mariápolis;25
Maribondo;2
Maricá;19
Marilac;13
Marilândia do Sul;15
Marilândia;8
Marilena;15
Marília;25
Mariluz;15
Maringá;15
Marinópolis;25
Mário Campos;13
Mariópolis;15
Maripá de Minas;13
Maripá;15
Mari;14
Marituba;16
Marizópolis;14
Marliéria;13
Marmeleiro;15
Marmelópolis;13
Marques de Souza;21
Marquinho;15
Martinho Campos;13
Martinópole;6
Martinópolis;25
Martins;20
Martins Soares;13
Maruim;26
Marumbi;15
Mar Vermelho;2
Marzagão;9
Mascote;5
Massapê;6
Massapê do Piauí;18
Massaranduba;14
Massaranduba;24
Mata de São João;5
Mata Grande;2
Matão;25
Mataraca;14
Mata Roma;10
Mata;21
Mata Verde;13
Mateiros;27
Matelândia;15
Materlândia;13
Mateus Leme;13
Mathias Lobato;13
Matias Barbosa;13
Matias Cardoso;13
Matias Olímpio;18
Matina;5
Matinha;10
Matinhas;14
Matinhos;15
Matipó;13
Mato Castelhano;21
Matões do Norte;10
Matões;10
Mato Grosso;14
Mato Leitão;21
Mato Queimado;21
Mato Rico;15
Matos Costa;24
Mato Verde;13
Matozinhos;13
Matrinchã;9
Matriz de Camaragibe;2
Matupá;12
Maturéia;14
Matutina;13
Mauá da Serra;15
Mauá;25
Maués;4
Maurilândia do Tocantins;27
Maurilândia;9
Mauriti;6
Maxaranguape;20
Maximiliano de Almeida;21
Mazagão;3
Medeiros;13
Medeiros Neto;5
Medianeira;15
Medicilândia;16
Medina;13
Meleiro;24
Melgaço;16
Mendes Pimentel;13
Mendes;19
Mendonça;25
Mercedes;15
Mercês;13
Meridiano;25
Meruoca;6
Mesópolis;25
Mesquita;13
Mesquita;19
Messias;2
Messias Targino;20
Miguel Alves;18
Miguel Calmon;5
Miguel Leão;18
Miguelópolis;25
Miguel Pereira;19
Milagres;5
Milagres;6
Milagres do Maranhão;10
Milhã;6
Milton Brandão;18
Mimoso de Goiás;9
Mimoso do Sul;8
Minaçu;9
Minador do Negrão;2
Minas do Leão;21
Minas Novas;13
Minduri;13
Mineiros do Tietê;25
Mineiros;9
Ministro Andreazza;22
Mirabela;13
Miracatu;25
Miracema do Tocantins;27
Miracema;19
Mirador;10
Mirador;15
Miradouro;13
Mira Estrela;25
Miraguaí;21
Miraíma;6
Miraí;13
Miranda do Norte;10
Miranda;11
Mirandiba;17
Mirandópolis;25
Mirangaba;5
Miranorte;27
Mirante;5
Mirante da Serra;22
Mirante do Paranapanema;25
Miraselva;15
Mirassolândia;25
Mirassol D'Oeste;12
Mirassol;25
Miravânia;13
Mirim Doce;24
Mirinzal;10
Missal;15
Missão Velha;6
Mocajuba;16
Mococa;25
Modelo;24
Moeda;13
Moema;13
Mogeiro;14
Mogi das Cruzes;25
Mogi Guaçu;25
Mogi Mirim;25
Moiporá;9
Moita Bonita;26
Moju;16
Mombaça;6
Mombuca;25
Monção;10
Monções;25
Mondaí;24
Mongaguá;25
Monjolos;13
Monsenhor Gil;18
Monsenhor Hipólito;18
Monsenhor Paulo;13
Monsenhor Tabosa;6
Montadas;14
Montalvânia;13
Montanha;8
Montanhas;20
Montauri;21
Monte Alegre de Goiás;9
Monte Alegre de Minas;13
Monte Alegre de Sergipe;26
Monte Alegre do Piauí;18
Monte Alegre dos Campos;21
Monte Alegre do Sul;25
Monte Alegre;16
Monte Alegre;20
Monte Alto;25
Monte Aprazível;25
Monte Azul;13
Monte Azul Paulista;25
Monte Belo do Sul;21
Monte Belo;13
Monte Carlo;24
Monte Carmelo;13
Monte Castelo;24
Monte Castelo;25
Monte das Gameleiras;20
Monte do Carmo;27
Monte Formoso;13
Monte Horebe;14
Monteiro Lobato;25
Monteiro;14
Monteirópolis;2
Monte Mor;25
Monte Negro;22
Montenegro;21
Montes Altos;10
Monte Santo;5
Monte Santo de Minas;13
Monte Santo do Tocantins;27
Montes Claros de Goiás;9
Montes Claros;13
Monte Sião;13
Montezuma;13
Montividiu do Norte;9
Montividiu;9
Morada Nova;6
Morada Nova de Minas;13
Moraújo;6
Moreilândia;17
Moreira Sales;15
Moreno;17
Mormaço;21
Morpará;5
Morretes;15
Morrinhos;6
Morrinhos do Sul;21
Morrinhos;9
Morro Agudo de Goiás;9
Morro Agudo;25
Morro Cabeça no Tempo;18
Morro da Fumaça;24
Morro da Garça;13
Morro do Chapéu;5
Morro do Chapéu do Piauí;18
Morro do Pilar;13
Morro Grande;24
Morro Redondo;21
Morro Reuter;21
Morros;10
Mortugaba;5
Morungaba;25
Mossâmedes;9
Mossoró;20
Mostardas;21
Motuca;25
Mozarlândia;9
Muaná;16
Mucajaí;23
Mucambo;6
Mucugê;5
Muçum;21
Mucuri;5
Mucurici;8
Muitos Capões;21
Muliterno;21
Mulungu;6
Mulungu do Morro;5
Mulungu;14
Mundo Novo;5
Mundo Novo;9
Mundo Novo;11
Munhoz de Melo;15
Munhoz;13
Muniz Ferreira;5
Muniz Freire;8
Muquém de São Francisco;5
Muqui;8
Muriaé;13
Muribeca;26
Murici;2
Murici dos Portelas;18
Muricilândia;27
Muritiba;5
Murutinga do Sul;25
Mutuípe;5
Mutum;13
Mutunópolis;9
Muzambinho;13
Nacip Raydan;13
Nantes;25
Nanuque;13
Não-Me-Toque;21
Naque;13
Narandiba;25
Natalândia;13
Natal;20
Natércia;13
Natividade da Serra;25
Natividade;19
Natividade;27
Natuba;14
Navegantes;24
Naviraí;11
Nazaré;5
Nazaré da Mata;17
Nazaré do Piauí;18
Nazareno;13
Nazaré Paulista;25
Nazaré;27
Nazarezinho;14
Nazária;18
Nazário;9
Neópolis;26
Nepomuceno;13
Nerópolis;9
Neves Paulista;25
Nhamundá;4
Nhandeara;25
Nicolau Vergueiro;21
Nilo Peçanha;5
Nilópolis;19
Nina Rodrigues;10
Ninheira;13
Nioaque;11
Nipoã;25
Niquelândia;9
Nísia Floresta;20
Niterói;19
Nobres;12
Nonoai;21
Nordestina;5
Normandia;23
Nortelândia;12
Nossa Senhora Aparecida;26
Nossa Senhora da Glória;26
Nossa Senhora das Dores;26
Nossa Senhora das Graças;15
Nossa Senhora de Lourdes;26
Nossa Senhora de Nazaré;18
Nossa Senhora do Livramento;12
Nossa Senhora do Socorro;26
Nossa Senhora dos Remédios;18
Nova Aliança do Ivaí;15
Nova Aliança;25
Nova Alvorada do Sul;11
Nova Alvorada;21
Nova América da Colina;15
Nova América;9
Nova Andradina;11
Nova Araçá;21
Nova Aurora;9
Nova Aurora;15
Nova Bandeirantes;12
Nova Bassano;21
Nova Belém;13
Nova Boa Vista;21
Nova Brasilândia D'Oeste;22
Nova Brasilândia;12
Nova Bréscia;21
Nova Campina;25
Nova Canaã;5
Nova Canaã do Norte;12
Nova Canaã Paulista;25
Nova Candelária;21
Nova Cantu;15
Nova Castilho;25
Nova Colinas;10
Nova Crixás;9
Nova Cruz;20
Nova Era;13
Nova Erechim;24
Nova Esperança do Piriá;16
Nova Esperança do Sudoeste;15
Nova Esperança do Sul;21
Nova Esperança;15
Nova Europa;25
Nova Fátima;5
Nova Fátima;15
Nova Floresta;14
Nova Friburgo;19
Nova Glória;9
Nova Granada;25
Nova Guarita;12
Nova Guataporanga;25
Nova Hartz;21
Nova Ibiá;5
Nova Iguaçu de Goiás;9
Nova Iguaçu;19
Nova Independência;25
Nova Iorque;10
Nova Ipixuna;16
Novais;25
Nova Itaberaba;24
Nova Itarana;5
Nova Lacerda;12
Nova Laranjeiras;15
Nova Lima;13
Nova Londrina;15
Nova Luzitânia;25
Nova Mamoré;22
Nova Marilândia;12
Nova Maringá;12
Nova Módica;13
Nova Monte Verde;12
Nova Mutum;12
Nova Nazaré;12
Nova Odessa;25
Nova Olímpia;12
Nova Olímpia;15
Nova Olinda;6
Nova Olinda do Maranhão;10
Nova Olinda do Norte;4
Nova Olinda;14
Nova Olinda;27
Nova Pádua;21
Nova Palma;21
Nova Palmeira;14
Nova Petrópolis;21
Nova Ponte;13
Nova Porteirinha;13
Nova Prata do Iguaçu;15
Nova Prata;21
Nova Ramada;21
Nova Redenção;5
Nova Resende;13
Nova Roma do Sul;21
Nova Roma;9
Nova Rosalândia;27
Nova Russas;6
Nova Santa Bárbara;15
Nova Santa Helena;12
Nova Santa Rita;18
Nova Santa Rita;21
Nova Santa Rosa;15
Nova Serrana;13
Nova Soure;5
Nova Tebas;15
Nova Timboteua;16
Nova Trento;24
Nova Ubiratã;12
Nova União;13
Nova União;22
Nova Venécia;8
Nova Veneza;9
Nova Veneza;24
Nova Viçosa;5
Nova Xavantina;12
Novo Acordo;27
Novo Airão;4
Novo Alegre;27
Novo Aripuanã;4
Novo Barreiro;21
Novo Brasil;9
Novo Cabrais;21
Novo Cruzeiro;13
Novo Gama;9
Novo Hamburgo;21
Novo Horizonte;5
Novo Horizonte do Norte;12
Novo Horizonte do Oeste;22
Novo Horizonte do Sul;11
Novo Horizonte;24
Novo Horizonte;25
Novo Itacolomi;15
Novo Jardim;27
Novo Lino;2
Novo Machado;21
Novo Mundo;12
Novo Oriente;6
Novo Oriente de Minas;13
Novo Oriente do Piauí;18
Novo Planalto;9
Novo Progresso;16
Novo Repartimento;16
Novorizonte;13
Novo Santo Antônio;12
Novo Santo Antônio;18
Novo São Joaquim;12
Novo Tiradentes;21
Novo Triunfo;5
Novo Xingu;21
Nuporanga;25
Óbidos;16
Ocara;6
Ocauçu;25
Oeiras do Pará;16
Oeiras;18
Oiapoque;3
Olaria;13
Óleo;25
Olho D'Água das Cunhãs;10
Olho D'Água das Flores;2
Olho-D'Água do Borges;20
Olho D'Água do Casado;2
Olho D'Água do Piauí;18
Olho D'Água Grande;2
Olho D'Água;14
Olhos-D'Água;13
Olímpia;25
Olímpio Noronha;13
Olinda Nova do Maranhão;10
Olinda;17
Olindina;5
Olivedos;14
Oliveira de Fátima;27
Oliveira dos Brejinhos;5
Oliveira Fortes;13
Oliveira;13
Olivença;2
Onça de Pitangui;13
Onda Verde;25
Oratórios;13
Oriente;25
Orindiúva;25
Oriximiná;16
Orizânia;13
Orizona;9
Orlândia;25
Orleans;24
Orobó;17
Orocó;17
Orós;6
Ortigueira;15
Osasco;25
Oscar Bressane;25
Osório;21
Osvaldo Cruz;25
Otacílio Costa;24
Ourém;16
Ouriçangas;5
Ouricuri;17
Ourilândia do Norte;16
Ourinhos;25
Ourizona;15
Ouro Branco;2
Ouro Branco;13
Ouro Branco;20
Ouroeste;25
Ouro Fino;13
Ourolândia;5
Ouro Preto do Oeste;22
Ouro Preto;13
Ouro;24
Ouro Velho;14
Ouro Verde de Goiás;9
Ouro Verde de Minas;13
Ouro Verde do Oeste;15
Ouro Verde;24
Ouro Verde;25
Ouvidor;9
Pacaembu;25
Pacajá;16
Pacajus;6
Pacaraima;23
Pacatuba;6
Pacatuba;26
Paço do Lumiar;10
Pacoti;6
Pacujá;6
Padre Bernardo;9
Padre Carvalho;13
Padre Marcos;18
Padre Paraíso;13
Paes Landim;18
Paial;24
Paiçandu;15
Paim Filho;21
Paineiras;13
Painel;24
Pains;13
Pai Pedro;13
Paiva;13
Pajeú do Piauí;18
Palestina;2
Palestina de Goiás;9
Palestina do Pará;16
Palestina;25
Palhano;6
Palhoça;24
Palmácia;6
Palma;13
Palmares do Sul;21
Palmares Paulista;25
Palmares;17
Palmas de Monte Alto;5
Palma Sola;24
Palmas;15
Palmas;27
Palmeira das Missões;21
Palmeira D'Oeste;25
Palmeira do Piauí;18
Palmeira dos Índios;2
Palmeirais;18
Palmeirândia;10
Palmeirante;27
Palmeira;15
Palmeiras;5
Palmeira;24
Palmeiras de Goiás;9
Palmeiras do Tocantins;27
Palmeirina;17
Palmeirópolis;27
Palmelo;9
Palminópolis;9
Palmital;15
Palmital;25
Palmitinho;21
Palmitos;24
Palmópolis;13
Palotina;15
Panamá;9
Panambi;21
Pancas;8
Panelas;17
Panorama;25
Pantano Grande;21
Pão de Açúcar;2
Papagaios;13
Papanduva;24
Paquetá;18
Paracambi;19
Paracatu;13
Paracuru;6
Pará de Minas;13
Paragominas;16
Paraguaçu;13
Paraguaçu Paulista;25
Paraíba do Sul;19
Paraibano;10
Paraibuna;25
Paraipaba;6
Paraí;21
Paraíso do Norte;15
Paraíso do Sul;21
Paraíso do Tocantins;27
Paraisópolis;13
Paraíso;24
Paraíso;25
Parambu;6
Paramirim;5
Paramoti;6
Paranacity;15
Paranaguá;15
Paranaíba;11
Paranaiguara;9
Paranaíta;12
Paranapanema;25
Paranapoema;15
Paranapuã;25
Paraná;20
Paranatama;17
Paranatinga;12
Paranã;27
Paranavaí;15
Paranhos;11
Paraopeba;13
Parapuã;25
Parari;14
Paratinga;5
Paraty;19
Parauapebas;16
Paraúna;9
Paraú;20
Parazinho;20
Pardinho;25
Pareci Novo;21
Parecis;22
Parelhas;20
Pariconha;2
Parintins;4
Paripiranga;5
Paripueira;2
Pariquera-Açu;25
Parisi;25
Parnaguá;18
Parnaíba;18
Parnamirim;17
Parnamirim;20
Parnarama;10
Parobé;21
Passabém;13
Passa E Fica;20
Passagem Franca do Piauí;18
Passagem Franca;10
Passagem;14
Passagem;20
Passa Quatro;13
Passa Sete;21
Passa Tempo;13
Passa-Vinte;13
Passira;17
Passo de Camaragibe;2
Passo de Torres;24
Passo do Sobrado;21
Passo Fundo;21
Passos Maia;24
Passos;13
Pastos Bons;10
Patis;13
Pato Bragado;15
Pato Branco;15
Patos de Minas;13
Patos do Piauí;18
Patos;14
Patrocínio do Muriaé;13
Patrocínio;13
Patrocínio Paulista;25
Patu;20
Paty do Alferes;19
Pau Brasil;5
Paudalho;17
Pau D'Arco do Piauí;18
Pau D'Arco;16
Pau D'Arco;27
Pau dos Ferros;20
Pauini;4
Paula Cândido;13
Paula Freitas;15
Paulicéia;25
Paulínia;25
Paulino Neves;10
Paulistana;18
Paulistânia;25
Paulista;14
Paulista;17
Paulistas;13
Paulo Afonso;5
Paulo Bento;21
Paulo de Faria;25
Paulo Frontin;15
Paulo Jacinto;2
Paulo Lopes;24
Paulo Ramos;10
Pavão;13
Paverama;21
Pavussu;18
Peabiru;15
Peçanha;13
Pederneiras;25
Pé de Serra;5
Pedra Azul;13
Pedra Bela;25
Pedra Bonita;13
Pedra Branca;6
Pedra Branca do Amapari;3
Pedra Branca;14
Pedra do Anta;13
Pedra do Indaiá;13
Pedra Dourada;13
Pedra Grande;20
Pedra Lavrada;14
Pedralva;13
Pedra Mole;26
Pedranópolis;25
Pedrão;5
Pedra;17
Pedra Preta;12
Pedra Preta;20
Pedras Altas;21
Pedras de Fogo;14
Pedras de Maria da Cruz;13
Pedras Grandes;24
Pedregulho;25
Pedreiras;10
Pedreira;25
Pedrinhas Paulista;25
Pedrinhas;26
Pedrinópolis;13
Pedro Afonso;27
Pedro Alexandre;5
Pedro Avelino;20
Pedro Canário;8
Pedro de Toledo;25
Pedro do Rosário;10
Pedro Gomes;11
Pedro Ii;18
Pedro Laurentino;18
Pedro Leopoldo;13
Pedro Osório;21
Pedro Régis;14
Pedro Teixeira;13
Pedro Velho;20
Peixe-Boi;16
Peixe;27
Peixoto de Azevedo;12
Pejuçara;21
Pelotas;21
Penaforte;6
Penalva;10
Penápolis;25
Pendências;20
Penedo;2
Penha;24
Pentecoste;6
Pequeri;13
Pequi;13
Pequizeiro;27
Perdigão;13
Perdizes;13
Perdões;13
Pereira Barreto;25
Pereiras;25
Pereiro;6
Peri Mirim;10
Periquito;13
Peritiba;24
Peritoró;10
Perobal;15
Pérola D'Oeste;15
Perolândia;9
Pérola;15
Peruíbe;25
Pescador;13
Pesqueira;17
Petrolândia;17
Petrolândia;24
Petrolina de Goiás;9
Petrolina;17
Petrópolis;19
Piaçabuçu;2
Piacatu;25
Piancó;14
Piatã;5
Piau;13
Picada Café;21
Piçarra;16
Picos;18
Picuí;14
Piedade de Caratinga;13
Piedade de Ponte Nova;13
Piedade do Rio Grande;13
Piedade dos Gerais;13
Piedade;25
Piên;15
Pilão Arcado;5
Pilar;2
Pilar de Goiás;9
Pilar do Sul;25
Pilar;14
Pilões;14
Pilões;20
Pilõezinhos;14
Pimenta Bueno;22
Pimenta;13
Pimenteiras do Oeste;22
Pimenteiras;18
Pindaí;5
Pindamonhangaba;25
Pindaré-Mirim;10
Pindoba;2
Pindobaçu;5
Pindorama do Tocantins;27
Pindorama;25
Pindoretama;6
Pingo-D'Água;13
Pinhais;15
Pinhalão;15
Pinhal da Serra;21
Pinhal de São Bento;15
Pinhal Grande;21
Pinhal;21
Pinhalzinho;24
Pinhalzinho;25
Pinhão;15
Pinhão;26
Pinheiral;19
Pinheirinho do Vale;21
Pinheiro Machado;21
Pinheiro;10
Pinheiro Preto;24
Pinheiros;8
Pintadas;5
Pintópolis;13
Pio Ix;18
Pio Xii;10
Piquerobi;25
Piquet Carneiro;6
Piquete;25
Piracaia;25
Piracanjuba;9
Piracema;13
Piracicaba;25
Piracuruca;18
Piraí do Norte;5
Piraí do Sul;15
Piraí;19
Pirajuba;13
Pirajuí;25
Piraju;25
Pirambu;26
Piranga;13
Pirangi;25
Piranguçu;13
Piranguinho;13
Piranhas;2
Piranhas;9
Pirapemas;10
Pirapetinga;13
Pirapora do Bom Jesus;25
Pirapora;13
Pirapó;21
Pirapozinho;25
Piraquara;15
Piraquê;27
Pirassununga;25
Piratininga;25
Piratini;21
Piratuba;24
Piraúba;13
Pirenópolis;9
Pires do Rio;9
Pires Ferreira;6
Piripá;5
Piripiri;18
Piritiba;5
Pirpirituba;14
Pitanga;15
Pitangueiras;15
Pitangueiras;25
Pitangui;13
Pitimbu;14
Piúma;8
Piumhi;13
Pium;27
Placas;16
Plácido de Castro;1
Planaltina do Paraná;15
Planaltina;9
Planaltino;5
Planalto Alegre;24
Planalto;5
Planalto da Serra;12
Planalto;15
Planalto;21
Planalto;25
Planura;13
Platina;25
Poá;25
Poção de Pedras;10
Poção;17
Pocinhos;14
Poço Branco;20
Poço Dantas;14
Poço das Antas;21
Poço das Trincheiras;2
Poço de José de Moura;14
Poções;5
Poço Fundo;13
Poconé;12
Poço Redondo;26
Poços de Caldas;13
Poço Verde;26
Pocrane;13
Pojuca;5
Poloni;25
Pombal;14
Pombos;17
Pomerode;24
Pompéia;25
Pompéu;13
Pongaí;25
Ponta de Pedras;16
Ponta Grossa;15
Pontal do Araguaia;12
Pontal do Paraná;15
Pontalina;9
Pontalinda;25
Pontal;25
Pontão;21
Ponta Porã;11
Ponte Alta do Bom Jesus;27
Ponte Alta do Norte;24
Ponte Alta do Tocantins;27
Ponte Alta;24
Ponte Branca;12
Ponte Nova;13
Ponte Preta;21
Pontes E Lacerda;12
Ponte Serrada;24
Pontes Gestal;25
Ponto Belo;8
Ponto Chique;13
Ponto dos Volantes;13
Ponto Novo;5
Populina;25
Porangaba;25
Poranga;6
Porangatu;9
Porciúncula;19
Porecatu;15
Portalegre;20
Portão;21
Porteirão;9
Porteiras;6
Porteirinha;13
Portelândia;9
Portel;16
Porto Acre;1
Porto Alegre do Norte;12
Porto Alegre do Piauí;18
Porto Alegre do Tocantins;27
Porto Alegre;21
Porto Amazonas;15
Porto Barreiro;15
Porto Belo;24
Porto Calvo;2
Porto da Folha;26
Porto de Moz;16
Porto de Pedras;2
Porto do Mangue;20
Porto dos Gaúchos;12
Porto Esperidião;12
Porto Estrela;12
Porto Feliz;25
Porto Ferreira;25
Porto Firme;13
Porto Franco;10
Porto Grande;3
Porto Lucena;21
Porto Mauá;21
Porto Murtinho;11
Porto Nacional;27
Porto;18
Porto Real do Colégio;2
Porto Real;19
Porto Rico do Maranhão;10
Porto Rico;15
Porto Seguro;5
Porto União;24
Porto Velho;22
Porto Vera Cruz;21
Porto Vitória;15
Porto Walter;1
Porto Xavier;21
Posse;9
Poté;13
Potengi;6
Potim;25
Potiraguá;5
Potirendaba;25
Potiretama;6
Pouso Alegre;13
Pouso Alto;13
Pouso Novo;21
Pouso Redondo;24
Poxoréo;12
Pracinha;25
Pracuúba;3
Prado;5
Prado Ferreira;15
Pradópolis;25
Prados;13
Praia Grande;24
Praia Grande;25
Praia Norte;27
Prainha;16
Pranchita;15
Prata do Piauí;18
Prata;13
Pratânia;25
Prata;14
Pratápolis;13
Pratinha;13
Presidente Alves;25
Presidente Bernardes;13
Presidente Bernardes;25
Presidente Castello Branco;24
Presidente Castelo Branco;15
Presidente Dutra;5
Presidente Dutra;10
Presidente Epitácio;25
Presidente Figueiredo;4
Presidente Getúlio;24
Presidente Jânio Quadros;5
Presidente Juscelino;10
Presidente Juscelino;13
Presidente Juscelino;20
Presidente Kennedy;8
Presidente Kennedy;27
Presidente Kubitschek;13
Presidente Lucena;21
Presidente Médici;10
Presidente Médici;22
Presidente Nereu;24
Presidente Olegário;13
Presidente Prudente;25
Presidente Sarney;10
Presidente Tancredo Neves;5
Presidente Vargas;10
Presidente Venceslau;25
Primavera de Rondônia;22
Primavera do Leste;12
Primavera;16
Primavera;17
Primeira Cruz;10
Primeiro de Maio;15
Princesa Isabel;14
Princesa;24
Professor Jamil;9
Progresso;21
Promissão;25
Propriá;26
Protásio Alves;21
Prudente de Morais;13
Prudentópolis;15
Pugmil;27
Pureza;20
Putinga;21
Puxinanã;14
Quadra;25
Quaraí;21
Quartel Geral;13
Quarto Centenário;15
Quatá;25
Quatiguá;15
Quatipuru;16
Quatis;19
Quatro Barras;15
Quatro Irmãos;21
Quatro Pontes;15
Quebrangulo;2
Quedas do Iguaçu;15
Queimada Nova;18
Queimadas;5
Queimadas;14
Queimados;19
Queiroz;25
Queluzito;13
Queluz;25
Querência do Norte;15
Querência;12
Quevedos;21
Quijingue;5
Quilombo;24
Quinta do Sol;15
Quintana;25
Quinze de Novembro;21
Quipapá;17
Quirinópolis;9
Quissamã;19
Quitandinha;15
Quiterianópolis;6
Quixabá;14
Quixaba;17
Quixabeira;5
Quixadá;6
Quixelô;6
Quixeramobim;6
Quixeré;6
Rafael Fernandes;20
Rafael Godeiro;20
Rafael Jambeiro;5
Rafard;25
Ramilândia;15
Rancharia;25
Rancho Alegre D'Oeste;15
Rancho Alegre;15
Rancho Queimado;24
Raposa;10
Raposos;13
Raul Soares;13
Realeza;15
Rebouças;15
Recife;17
Recreio;13
Recursolândia;27
Redenção;6
Redenção da Serra;25
Redenção do Gurguéia;18
Redenção;16
Redentora;21
Reduto;13
Regeneração;18
Regente Feijó;25
Reginópolis;25
Registro;25
Relvado;21
Remanso;5
Remígio;14
Renascença;15
Reriutaba;6
Resende Costa;13
Resende;19
Reserva do Cabaçal;12
Reserva do Iguaçu;15
Reserva;15
Resplendor;13
Ressaquinha;13
Restinga Seca;21
Restinga;25
Retirolândia;5
Riachão das Neves;5
Riachão do Bacamarte;14
Riachão do Dantas;26
Riachão do Jacuípe;5
Riachão do Poço;14
Riachão;10
Riachão;14
Riachinho;13
Riachinho;27
Riacho da Cruz;20
Riacho das Almas;17
Riacho de Santana;5
Riacho de Santana;20
Riacho de Santo Antônio;14
Riacho dos Cavalos;14
Riacho dos Machados;13
Riacho Frio;18
Riachuelo;20
Riachuelo;26
Rialma;9
Rianápolis;9
Ribamar Fiquene;10
Ribas do Rio Pardo;11
Ribeira do Amparo;5
Ribeira do Piauí;18
Ribeira do Pombal;5
Ribeirão Bonito;25
Ribeirão Branco;25
Ribeirão Cascalheira;12
Ribeirão Claro;15
Ribeirão Corrente;25
Ribeirão das Neves;13
Ribeirão do Largo;5
Ribeirão do Pinhal;15
Ribeirão dos Índios;25
Ribeirão do Sul;25
Ribeirão Grande;25
Ribeirão;17
Ribeirão Pires;25
Ribeirão Preto;25
Ribeirão Vermelho;13
Ribeirãozinho;12
Ribeira;25
Ribeiro Gonçalves;18
Ribeirópolis;26
Rifaina;25
Rincão;25
Rinópolis;25
Rio Acima;13
Rio Azul;15
Rio Bananal;8
Rio Bom;15
Rio Bonito do Iguaçu;15
Rio Bonito;19
Rio Branco;1
Rio Branco do Ivaí;15
Rio Branco do Sul;15
Rio Branco;12
Rio Brilhante;11
Rio Casca;13
Rio Claro;19
Rio Claro;25
Rio Crespo;22
Rio da Conceição;27
Rio das Antas;24
Rio das Flores;19
Rio das Ostras;19
Rio das Pedras;25
Rio de Contas;5
Rio de Janeiro;19
Rio do Antônio;5
Rio do Campo;24
Rio Doce;13
Rio do Fogo;20
Rio do Oeste;24
Rio do Pires;5
Rio do Prado;13
Rio dos Bois;27
Rio dos Cedros;24
Rio dos Índios;21
Rio do Sul;24
Rio Espera;13
Rio Formoso;17
Rio Fortuna;24
Rio Grande da Serra;25
Rio Grande do Piauí;18
Rio Grande;21
Riolândia;25
Rio Largo;2
Rio Manso;13
Rio Maria;16
Rio Negrinho;24
Rio Negro;11
Rio Negro;15
Rio Novo do Sul;8
Rio Novo;13
Rio Paranaíba;13
Rio Pardo de Minas;13
Rio Pardo;21
Rio Piracicaba;13
Rio Pomba;13
Rio Preto da Eva;4
Rio Preto;13
Rio Quente;9
Rio Real;5
Rio Rufino;24
Rio Sono;27
Rio Tinto;14
Rio Verde de Mato Grosso;11
Rio Verde;9
Rio Vermelho;13
Riozinho;21
Riqueza;24
Ritápolis;13
Riversul;25
Roca Sales;21
Rochedo de Minas;13
Rochedo;11
Rodeio Bonito;21
Rodeio;24
Rodeiro;13
Rodelas;5
Rodolfo Fernandes;20
Rodrigues Alves;1
Rolador;21
Rolândia;15
Rolante;21
Rolim de Moura;22
Romaria;13
Romelândia;24
Roncador;15
Ronda Alta;21
Rondinha;21
Rondolândia;12
Rondon do Pará;16
Rondonópolis;12
Rondon;15
Roque Gonzales;21
Rorainópolis;23
Rosana;25
Rosário da Limeira;13
Rosário do Catete;26
Rosário do Ivaí;15
Rosário do Sul;21
Rosário;10
Rosário Oeste;12
Roseira;25
Roteiro;2
Rubelita;13
Rubiácea;25
Rubiataba;9
Rubim;13
Rubinéia;25
Rurópolis;16
Russas;6
Ruy Barbosa;5
Ruy Barbosa;20
Sabará;13
Sabáudia;15
Sabinópolis;13
Sabino;25
Saboeiro;6
Sacramento;13
Sagrada Família;21
Sagres;25
Sairé;17
Saldanha Marinho;21
Sales Oliveira;25
Salesópolis;25
Sales;25
Salete;24
Salgadinho;14
Salgadinho;17
Salgado de São Félix;14
Salgado Filho;15
Salgado;26
Salgueiro;17
Salinas da Margarida;5
Salinas;13
Salinópolis;16
Salitre;6
Salmourão;25
Saloá;17
Saltinho;24
Saltinho;25
Salto da Divisa;13
Salto de Pirapora;25
Salto do Céu;12
Salto do Itararé;15
Salto do Jacuí;21
Salto do Lontra;15
Salto Grande;25
Salto;25
Salto Veloso;24
Salvador;5
Salvador das Missões;21
Salvador do Sul;21
Salvaterra;16
Sambaíba;10
Sampaio;27
Sananduva;21
Sanclerlândia;9
Sandolândia;27
Sandovalina;25
Sangão;24
Sanharó;17
Santa Adélia;25
Santa Albertina;25
Santa Amélia;15
Santa Bárbara;5
Santa Bárbara de Goiás;9
Santa Bárbara D'Oeste;25
Santa Bárbara do Leste;13
Santa Bárbara do Monte Verde;13
Santa Bárbara do Pará;16
Santa Bárbara do Sul;21
Santa Bárbara do Tugúrio;13
Santa Bárbara;13
Santa Branca;25
Santa Brígida;5
Santa Carmem;12
Santa Cecília do Pavão;15
Santa Cecília do Sul;21
Santa Cecília;14
Santa Cecília;24
Santa Clara D'Oeste;25
Santa Clara do Sul;21
Santa Cruz Cabrália;5
Santa Cruz da Baixa Verde;17
Santa Cruz da Conceição;25
Santa Cruz da Esperança;25
Santa Cruz das Palmeiras;25
Santa Cruz da Vitória;5
Santa Cruz de Goiás;9
Santa Cruz de Minas;13
Santa Cruz de Monte Castelo;15
Santa Cruz de Salinas;13
Santa Cruz do Arari;16
Santa Cruz do Capibaribe;17
Santa Cruz do Escalvado;13
Santa Cruz do Piauí;18
Santa Cruz do Rio Pardo;25
Santa Cruz dos Milagres;18
Santa Cruz do Sul;21
Santa Cruz do Xingu;12
Santa Cruz;14
Santa Cruz;17
Santa Cruz;20
Santa Efigênia de Minas;13
Santa Ernestina;25
Santa Fé de Goiás;9
Santa Fé de Minas;13
Santa Fé do Araguaia;27
Santa Fé do Sul;25
Santa Fé;15
Santa Filomena do Maranhão;10
Santa Filomena;17
Santa Filomena;18
Santa Gertrudes;25
Santa Helena de Goiás;9
Santa Helena de Minas;13
Santa Helena;10
Santa Helena;14
Santa Helena;15
Santa Helena;24
Santa Inês;5
Santa Inês;10
Santa Inês;14
Santa Inês;15
Santa Isabel do Ivaí;15
Santa Isabel do Pará;16
Santa Isabel do Rio Negro;4
Santa Isabel;9
Santa Isabel;25
Santa Izabel do Oeste;15
Santa Juliana;13
Santa Leopoldina;8
Santa Lúcia;15
Santa Lúcia;25
Santaluz;5
Santa Luzia;5
Santa Luzia D'Oeste;22
Santa Luzia do Itanhy;26
Santa Luzia do Norte;2
Santa Luzia do Pará;16
Santa Luzia do Paruá;10
Santa Luzia;10
Santa Luzia;13
Santa Luzia;14
Santa Luz;18
Santa Margarida do Sul;21
Santa Margarida;13
Santa Maria da Boa Vista;17
Santa Maria das Barreiras;16
Santa Maria da Serra;25
Santa Maria da Vitória;5
Santa Maria de Itabira;13
Santa Maria de Jetibá;8
Santa Maria do Cambucá;17
Santa Maria do Herval;21
Santa Maria do Oeste;15
Santa Maria do Pará;16
Santa Maria do Salto;13
Santa Maria do Suaçuí;13
Santa Maria do Tocantins;27
Santa Maria Madalena;19
Santa Mariana;15
Santa Maria;20
Santa Maria;21
Santa Mercedes;25
Santa Mônica;15
Santana;3
Santana;5
Santana da Boa Vista;21
Santana da Ponte Pensa;25
Santana da Vargem;13
Santana de Cataguases;13
Santana de Mangueira;14
Santana de Parnaíba;25
Santana de Pirapama;13
Santana do Acaraú;6
Santana do Araguaia;16
Santana do Cariri;6
Santana do Deserto;13
Santana do Garambéu;13
Santana do Ipanema;2
Santana do Itararé;15
Santana do Jacaré;13
Sant'Ana do Livramento;21
Santana do Manhuaçu;13
Santana do Maranhão;10
Santana do Matos;20
Santana do Mundaú;2
Santana do Paraíso;13
Santana do Piauí;18
Santana do Riacho;13
Santana do São Francisco;26
Santana do Seridó;20
Santana dos Garrotes;14
Santana dos Montes;13
Santanópolis;5
Santa Quitéria;6
Santa Quitéria do Maranhão;10
Santarém Novo;16
Santarém;16
Santarém;14
Santa Rita de Caldas;13
Santa Rita de Cássia;5
Santa Rita de Ibitipoca;13
Santa Rita de Jacutinga;13
Santa Rita de Minas;13
Santa Rita do Araguaia;9
Santa Rita D'Oeste;25
Santa Rita do Itueto;13
Santa Rita do Novo Destino;9
Santa Rita do Pardo;11
Santa Rita do Passa Quatro;25
Santa Rita do Sapucaí;13
Santa Rita do Tocantins;27
Santa Rita do Trivelato;12
Santa Rita;10
Santa Rita;14
Santa Rosa da Serra;13
Santa Rosa de Goiás;9
Santa Rosa de Lima;24
Santa Rosa de Lima;26
Santa Rosa de Viterbo;25
Santa Rosa do Piauí;18
Santa Rosa do Purus;1
Santa Rosa do Sul;24
Santa Rosa do Tocantins;27
Santa Rosa;21
Santa Salete;25
Santa Teresa;8
Santa Teresinha;5
Santa Teresinha;14
Santa Tereza de Goiás;9
Santa Tereza do Oeste;15
Santa Tereza do Tocantins;27
Santa Tereza;21
Santa Terezinha de Goiás;9
Santa Terezinha de Itaipu;15
Santa Terezinha do Progresso;24
Santa Terezinha do Tocantins;27
Santa Terezinha;12
Santa Terezinha;17
Santa Terezinha;24
Santa Vitória do Palmar;21
Santa Vitória;13
Santiago do Sul;24
Santiago;21
Santo Afonso;12
Santo Amaro;5
Santo Amaro da Imperatriz;24
Santo Amaro das Brotas;26
Santo Amaro do Maranhão;10
Santo Anastácio;25
Santo André;14
Santo André;25
Santo Ângelo;21
Santo Antônio da Alegria;25
Santo Antônio da Barra;9
Santo Antônio da Patrulha;21
Santo Antônio da Platina;15
Santo Antônio das Missões;21
Santo Antônio de Goiás;9
Santo Antônio de Jesus;5
Santo Antônio de Lisboa;18
Santo Antônio de Pádua;19
Santo Antônio de Posse;25
Santo Antônio do Amparo;13
Santo Antônio do Aracanguá;25
Santo Antônio do Aventureiro;13
Santo Antônio do Caiuá;15
Santo Antônio do Descoberto;9
Santo Antônio do Grama;13
Santo Antônio do Içá;4
Santo Antônio do Itambé;13
Santo Antônio do Jacinto;13
Santo Antônio do Jardim;25
Santo Antônio do Leste;12
Santo Antônio do Leverger;12
Santo Antônio do Monte;13
Santo Antônio do Palma;21
Santo Antônio do Paraíso;15
Santo Antônio do Pinhal;25
Santo Antônio do Planalto;21
Santo Antônio do Retiro;13
Santo Antônio do Rio Abaixo;13
Santo Antônio dos Lopes;10
Santo Antônio dos Milagres;18
Santo Antônio do Sudoeste;15
Santo Antônio do Tauá;16
Santo Antônio;20
Santo Augusto;21
Santo Cristo;21
Santo Estêvão;5
Santo Expedito do Sul;21
Santo Expedito;25
Santo Hipólito;13
Santo Inácio do Piauí;18
Santo Inácio;15
Santópolis do Aguapeí;25
Santos Dumont;13
Santos;25
São Benedito;6
São Benedito do Rio Preto;10
São Benedito do Sul;17
São Bentinho;14
São Bento Abade;13
São Bento do Norte;20
São Bento do Sapucaí;25
São Bento do Sul;24
São Bento do Tocantins;27
São Bento do Trairí;20
São Bento do Una;17
São Bento;10
São Bento;14
São Bernardino;24
São Bernardo do Campo;25
São Bernardo;10
São Bonifácio;24
São Borja;21
São Brás;2
São Brás do Suaçuí;13
São Braz do Piauí;18
São Caetano de Odivelas;16
São Caetano do Sul;25
São Caitano;17
São Carlos do Ivaí;15
São Carlos;24
São Carlos;25
São Cristovão do Sul;24
São Cristóvão;26
São Desidério;5
São Domingos;5
São Domingos das Dores;13
São Domingos do Araguaia;16
São Domingos do Azeitão;10
São Domingos do Capim;16
São Domingos do Cariri;14
São Domingos do Maranhão;10
São Domingos do Norte;8
São Domingos do Prata;13
São Domingos do Sul;21
São Domingos;9
São Domingos;14
São Domingos;24
São Domingos;26
São Felipe;5
São Felipe D'Oeste;22
São Félix;5
São Félix de Balsas;10
São Félix de Minas;13
São Félix do Araguaia;12
São Félix do Coribe;5
São Félix do Piauí;18
São Félix do Tocantins;27
São Félix do Xingu;16
São Fernando;20
São Fidélis;19
São Francisco de Assis do Piauí;18
São Francisco de Assis;21
São Francisco de Goiás;9
São Francisco de Itabapoana;19
São Francisco de Paula;13
São Francisco de Paula;21
São Francisco de Sales;13
São Francisco do Brejão;10
São Francisco do Conde;5
São Francisco do Glória;13
São Francisco do Guaporé;22
São Francisco do Maranhão;10
São Francisco do Oeste;20
São Francisco do Pará;16
São Francisco do Piauí;18
São Francisco do Sul;24
São Francisco;13
São Francisco;14
São Francisco;26
São Francisco;25
São Gabriel;5
São Gabriel da Cachoeira;4
São Gabriel da Palha;8
São Gabriel do Oeste;11
São Gabriel;21
São Geraldo da Piedade;13
São Geraldo do Araguaia;16
São Geraldo do Baixio;13
São Geraldo;13
São Gonçalo do Abaeté;13
São Gonçalo do Amarante;6
São Gonçalo do Amarante;20
São Gonçalo do Gurguéia;18
São Gonçalo do Pará;13
São Gonçalo do Piauí;18
São Gonçalo do Rio Abaixo;13
São Gonçalo do Rio Preto;13
São Gonçalo do Sapucaí;13
São Gonçalo dos Campos;5
São Gonçalo;19
São Gotardo;13
São Jerônimo da Serra;15
São Jerônimo;21
São João Batista do Glória;13
São João Batista;10
São João Batista;24
São João da Baliza;23
São João da Barra;19
São João da Boa Vista;25
São João da Canabrava;18
São João da Fronteira;18
São João da Lagoa;13
São João D'Aliança;9
São João da Mata;13
São João da Paraúna;9
São João da Ponta;16
São João da Ponte;13
São João das Duas Pontes;25
São João da Serra;18
São João das Missões;13
São João da Urtiga;21
São João da Varjota;18
São João de Iracema;25
São João Del Rei;13
São João de Meriti;19
São João de Pirabas;16
São João do Araguaia;16
São João do Arraial;18
São João do Caiuá;15
São João do Cariri;14
São João do Carú;10
São João do Itaperiú;24
São João do Ivaí;15
São João do Jaguaribe;6
São João do Manhuaçu;13
São João do Manteninha;13
São João do Oeste;24
São João do Oriente;13
São João do Pacuí;13
São João do Paraíso;10
São João do Paraíso;13
São João do Pau D'Alho;25
São João do Piauí;18
São João do Polêsine;21
São João do Rio do Peixe;14
São João do Sabugi;20
São João do Soter;10
São João dos Patos;10
São João do Sul;24
São João do Tigre;14
São João do Triunfo;15
São João Evangelista;13
São João Nepomuceno;13
São João;17
São João;15
São Joaquim da Barra;25
São Joaquim de Bicas;13
São Joaquim do Monte;17
São Joaquim;24
São Jorge D'Oeste;15
São Jorge do Ivaí;15
São Jorge do Patrocínio;15
São Jorge;21
São José da Barra;13
São José da Bela Vista;25
São José da Boa Vista;15
São José da Coroa Grande;17
São José da Lagoa Tapada;14
São José da Laje;2
São José da Lapa;13
São José da Safira;13
São José das Missões;21
São José das Palmeiras;15
São José da Tapera;2
São José da Varginha;13
São José da Vitória;5
São José de Caiana;14
São José de Espinharas;14
São José de Mipibu;20
São José de Piranhas;14
São José de Princesa;14
São José de Ribamar;10
São José de Ubá;19
São José do Alegre;13
São José do Barreiro;25
São José do Belmonte;17
São José do Bonfim;14
São José do Brejo do Cruz;14
São José do Calçado;8
São José do Campestre;20
São José do Cedro;24
São José do Cerrito;24
São José do Divino;13
São José do Divino;18
São José do Egito;17
São José do Goiabal;13
São José do Herval;21
São José do Hortêncio;21
São José do Inhacorá;21
São José do Jacuípe;5
São José do Jacuri;13
São José do Mantimento;13
São José do Norte;21
São José do Ouro;21
São José do Peixe;18
São José do Piauí;18
São José do Povo;12
São José do Rio Claro;12
São José do Rio Pardo;25
São José do Rio Preto;25
São José do Sabugi;14
São José dos Ausentes;21
São José dos Basílios;10
São José dos Campos;25
São José dos Cordeiros;14
São José do Seridó;20
São José dos Pinhais;15
São José dos Quatro Marcos;12
São José dos Ramos;14
São José do Sul;21
São José do Vale do Rio Preto;19
São José do Xingu;12
São José;24
São Julião;18
São Leopoldo;21
São Lourenço da Mata;17
São Lourenço da Serra;25
São Lourenço do Oeste;24
São Lourenço do Piauí;18
São Lourenço do Sul;21
São Lourenço;13
São Ludgero;24
São Luís de Montes Belos;9
São Luís do Curu;6
São Luís do Paraitinga;25
São Luis do Piauí;18
São Luís do Quitunde;2
São Luís Gonzaga do Maranhão;10
São Luís;10
São Luíz do Norte;9
São Luiz Gonzaga;21
São Luiz;23
São Mamede;14
São Manoel do Paraná;15
São Manuel;25
São Marcos;21
São Martinho da Serra;21
São Martinho;21
São Martinho;24
São Mateus do Maranhão;10
São Mateus do Sul;15
São Mateus;8
São Miguel Arcanjo;25
São Miguel da Baixa Grande;18
São Miguel da Boa Vista;24
São Miguel das Matas;5
São Miguel das Missões;21
São Miguel de Taipu;14
São Miguel do Aleixo;26
São Miguel do Anta;13
São Miguel do Araguaia;9
São Miguel do Fidalgo;18
São Miguel do Gostoso;20
São Miguel do Guamá;16
São Miguel do Guaporé;22
São Miguel do Iguaçu;15
São Miguel do Oeste;24
São Miguel do Passa Quatro;9
São Miguel dos Campos;2
São Miguel dos Milagres;2
São Miguel do Tapuio;18
São Miguel do Tocantins;27
São Miguel;20
São Nicolau;21
São Patrício;9
São Paulo das Missões;21
São Paulo de Olivença;4
São Paulo do Potengi;20
São Paulo;25
São Pedro da Água Branca;10
São Pedro da Aldeia;19
São Pedro da Cipa;12
São Pedro da Serra;21
São Pedro das Missões;21
São Pedro da União;13
São Pedro de Alcântara;24
São Pedro do Butiá;21
São Pedro do Iguaçu;15
São Pedro do Ivaí;15
São Pedro do Paraná;15
São Pedro do Piauí;18
São Pedro dos Crentes;10
São Pedro dos Ferros;13
São Pedro do Suaçuí;13
São Pedro do Sul;21
São Pedro do Turvo;25
São Pedro;20
São Pedro;25
São Rafael;20
São Raimundo das Mangabeiras;10
São Raimundo do Doca Bezerra;10
São Raimundo Nonato;18
São Roberto;10
São Romão;13
São Roque de Minas;13
São Roque do Canaã;8
São Roque;25
São Salvador do Tocantins;27
São Sebastião;2
São Sebastião da Amoreira;15
São Sebastião da Bela Vista;13
São Sebastião da Boa Vista;16
São Sebastião da Grama;25
São Sebastião da Vargem Alegre;13
São Sebastião de Lagoa de Roça;14
São Sebastião do Alto;19
São Sebastião do Anta;13
São Sebastião do Caí;21
São Sebastião do Maranhão;13
São Sebastião do Oeste;13
São Sebastião do Paraíso;13
São Sebastião do Passé;5
São Sebastião do Rio Preto;13
São Sebastião do Rio Verde;13
São Sebastião do Tocantins;27
São Sebastião do Uatumã;4
São Sebastião do Umbuzeiro;14
São Sebastião;25
São Sepé;21
São Simão;9
São Simão;25
São Thomé das Letras;13
São Tiago;13
São Tomás de Aquino;13
São Tomé;15
São Tomé;20
São Valentim do Sul;21
São Valentim;21
São Valério do Sul;21
São Valério;27
São Vendelino;21
São Vicente de Minas;13
São Vicente do Sul;21
São Vicente Ferrer;10
São Vicente Ferrer;17
São Vicente;20
São Vicente;25
Sapeaçu;5
Sapé;14
Sapezal;12
Sapiranga;21
Sapopema;15
Sapucaia do Sul;21
Sapucaia;16
Sapucaia;19
Sapucaí-Mirim;13
Saquarema;19
Sarandi;15
Sarandi;21
Sarapuí;25
Sardoá;13
Sarutaiá;25
Sarzedo;13
Sátiro Dias;5
Satuba;2
Satubinha;10
Saubara;5
Saudade do Iguaçu;15
Saudades;24
Saúde;5
Schroeder;24
Seabra;5
Seara;24
Sebastianópolis do Sul;25
Sebastião Barros;18
Sebastião Laranjeiras;5
Sebastião Leal;18
Seberi;21
Sede Nova;21
Segredo;21
Selbach;21
Selvíria;11
Sem-Peixe;13
Senador Alexandre Costa;10
Senador Amaral;13
Senador Canedo;9
Senador Cortes;13
Senador Elói de Souza;20
Senador Firmino;13
Senador Georgino Avelino;20
Senador Guiomard;1
Senador José Bento;13
Senador José Porfírio;16
Senador La Rocque;10
Senador Modestino Gonçalves;13
Senador Pompeu;6
Senador Rui Palmeira;2
Senador Sá;6
Senador Salgado Filho;21
Sena Madureira;1
Sengés;15
Senhora de Oliveira;13
Senhora do Porto;13
Senhora dos Remédios;13
Senhor do Bonfim;5
Sentinela do Sul;21
Sento Sé;5
Serafina Corrêa;21
Sericita;13
Seridó;14
Seringueiras;22
Sério;21
Seritinga;13
Seropédica;19
Serra Alta;24
Serra Azul de Minas;13
Serra Azul;25
Serra Branca;14
Serra da Raiz;14
Serra da Saudade;13
Serra de São Bento;20
Serra do Mel;20
Serra do Navio;3
Serra do Ramalho;5
Serra dos Aimorés;13
Serra do Salitre;13
Serra Dourada;5
Serra;8
Serra Grande;14
Serrana;25
Serra Negra do Norte;20
Serra Negra;25
Serrania;13
Serrano do Maranhão;10
Serranópolis de Minas;13
Serranópolis do Iguaçu;15
Serranópolis;9
Serranos;13
Serra Nova Dourada;12
Serra Preta;5
Serra Redonda;14
Serraria;14
Serra Talhada;17
Serrinha;5
Serrinha dos Pintos;20
Serrinha;20
Serrita;17
Serrolândia;5
Serro;13
Sertaneja;15
Sertânia;17
Sertanópolis;15
Sertão;21
Sertão Santana;21
Sertãozinho;14
Sertãozinho;25
Sete Barras;25
Sete de Setembro;21
Sete Lagoas;13
Sete Quedas;11
Setubinha;13
Severiano de Almeida;21
Severiano Melo;20
Severínia;25
Siderópolis;24
Sidrolândia;11
Sigefredo Pacheco;18
Silva Jardim;19
Silvânia;9
Silvanópolis;27
Silveira Martins;21
Silveirânia;13
Silveiras;25
Silves;4
Silvianópolis;13
Simão Dias;26
Simão Pereira;13
Simões Filho;5
Simões;18
Simolândia;9
Simonésia;13
Simplício Mendes;18
Sinimbu;21
Sinop;12
Siqueira Campos;15
Sirinhaém;17
Siriri;26
Sítio D'Abadia;9
Sítio do Mato;5
Sítio do Quinto;5
Sítio Novo do Tocantins;27
Sítio Novo;10
Sítio Novo;20
Sobradinho;5
Sobradinho;21
Sobrado;14
Sobral;6
Sobrália;13
Socorro do Piauí;18
Socorro;25
Solânea;14
Soledade de Minas;13
Soledade;14
Soledade;21
Solidão;17
Solonópole;6
Sombrio;24
Sonora;11
Sooretama;8
Sorocaba;25
Sorriso;12
Sossêgo;14
Soure;16
Sousa;14
Souto Soares;5
Sucupira do Norte;10
Sucupira do Riachão;10
Sucupira;27
Sud Mennucci;25
Sul Brasil;24
Sulina;15
Sumaré;25
Sumé;14
Sumidouro;19
Surubim;17
Sussuapara;18
Suzanápolis;25
Suzano;25
Tabaí;21
Tabaporã;12
Tabapuã;25
Tabatinga;4
Tabatinga;25
Tabira;17
Taboão da Serra;25
Tabocas do Brejo Velho;5
Taboleiro Grande;20
Tabuleiro do Norte;6
Tabuleiro;13
Tacaimbó;17
Tacaratu;17
Taciba;25
Tacima;14
Tacuru;11
Taguaí;25
Taguatinga;27
Taiaçu;25
Tailândia;16
Taiobeiras;13
Taió;24
Taipas do Tocantins;27
Taipu;20
Taiúva;25
Talismã;27
Tamandaré;17
Tamarana;15
Tambaú;25
Tamboara;15
Tamboril;6
Tamboril do Piauí;18
Tanabi;25
Tangará da Serra;12
Tangará;20
Tangará;24
Tanguá;19
Tanhaçu;5
Tanque D'Arca;2
Tanque do Piauí;18
Tanque Novo;5
Tanquinho;5
Taparuba;13
Tapauá;4
Tapejara;15
Tapejara;21
Tapera;21
Taperoá;5
Taperoá;14
Tapes;21
Tapiraí;13
Tapiraí;25
Tapira;13
Tapiramutá;5
Tapira;15
Tapiratiba;25
Tapurah;12
Taquaraçu de Minas;13
Taquaral de Goiás;9
Taquaral;25
Taquarana;2
Taquara;21
Taquari;21
Taquaritinga do Norte;17
Taquaritinga;25
Taquarituba;25
Taquarivaí;25
Taquaruçu do Sul;21
Taquarussu;11
Tarabai;25
Tarauacá;1
Tarrafas;6
Tartarugalzinho;3
Tarumã;25
Tarumirim;13
Tasso Fragoso;10
Tatuí;25
Tauá;6
Taubaté;25
Tavares;14
Tavares;21
Tefé;4
Teixeira de Freitas;5
Teixeira;14
Teixeiras;13
Teixeira Soares;15
Teixeirópolis;22
Tejuçuoca;6
Tejupá;25
Telêmaco Borba;15
Telha;26
Tenente Ananias;20
Tenente Laurentino Cruz;20
Tenente Portela;21
Tenório;14
Teodoro Sampaio;5
Teodoro Sampaio;25
Teofilândia;5
Teófilo Otoni;13
Teolândia;5
Teotônio Vilela;2
Terenos;11
Teresina de Goiás;9
Teresina;18
Teresópolis;19
Terezinha;17
Terezópolis de Goiás;9
Terra Alta;16
Terra Boa;15
Terra de Areia;21
Terra Nova;5
Terra Nova do Norte;12
Terra Nova;17
Terra Rica;15
Terra Roxa;15
Terra Roxa;25
Terra Santa;16
Tesouro;12
Teutônia;21
Theobroma;22
Tianguá;6
Tibagi;15
Tibau do Sul;20
Tibau;20
Tietê;25
Tigrinhos;24
Tijucas do Sul;15
Tijucas;24
Timbaúba dos Batistas;20
Timbaúba;17
Timbé do Sul;24
Timbiras;10
Timbó Grande;24
Timbó;24
Timburi;25
Timon;10
Timóteo;13
Tio Hugo;21
Tiradentes do Sul;21
Tiradentes;13
Tiros;13
Tobias Barreto;26
Tocantínia;27
Tocantinópolis;27
Tocantins;13
Tocos do Moji;13
Toledo;13
Toledo;15
Tomar do Geru;26
Tomazina;15
Tombos;13
Tomé-Açu;16
Tonantins;4
Toritama;17
Torixoréu;12
Toropi;21
Torre de Pedra;25
Torres;21
Torrinha;25
Touros;20
Trabiju;25
Tracuateua;16
Tracunhaém;17
Traipu;2
Trairão;16
Trairi;6
Trajano de Moraes;19
Tramandaí;21
Travesseiro;21
Tremedal;5
Tremembé;25
Três Arroios;21
Três Barras do Paraná;15
Três Barras;24
Três Cachoeiras;21
Três Corações;13
Três Coroas;21
Três de Maio;21
Três Forquilhas;21
Três Fronteiras;25
Três Lagoas;11
Três Marias;13
Três Palmeiras;21
Três Passos;21
Três Pontas;13
Três Ranchos;9
Três Rios;19
Treviso;24
Treze de Maio;24
Treze Tílias;24
Trindade do Sul;21
Trindade;9
Trindade;17
Triunfo;14
Triunfo;17
Triunfo Potiguar;20
Triunfo;21
Trizidela do Vale;10
Trombas;9
Trombudo Central;24
Tubarão;24
Tucano;5
Tucumã;16
Tucunduva;21
Tucuruí;16
Tufilândia;10
Tuiuti;25
Tumiritinga;13
Tunápolis;24
Tunas do Paraná;15
Tunas;21
Tuneiras do Oeste;15
Tuntum;10
Tupaciguara;13
Tupanatinga;17
Tupanci do Sul;21
Tupanciretã;21
Tupandi;21
Tuparendi;21
Tuparetama;17
Tupã;25
Tupãssi;15
Tupi Paulista;25
Tupirama;27
Tupiratins;27
Turiaçu;10
Turilândia;10
Turiúba;25
Turmalina;13
Turmalina;25
Turuçu;21
Tururu;6
Turvânia;9
Turvelândia;9
Turvolândia;13
Turvo;15
Turvo;24
Tutóia;10
Uarini;4
Uauá;5
Ubaí;13
Ubaíra;5
Ubaitaba;5
Ubajara;6
Ubá;13
Ubaporanga;13
Ubarana;25
Ubatã;5
Ubatuba;25
Uberaba;13
Uberlândia;13
Ubirajara;25
Ubiratã;15
Ubiretama;21
Uchoa;25
Uibaí;5
Uiramutã;23
Uirapuru;9
Uiraúna;14
Ulianópolis;16
Umari;6
Umarizal;20
Umbaúba;26
Umburanas;5
Umburatiba;13
Umbuzeiro;14
Umirim;6
Umuarama;15
Una;5
Unaí;13
União da Serra;21
União da Vitória;15
União de Minas;13
União do Oeste;24
União dos Palmares;2
União do Sul;12
União Paulista;25
União;18
Uniflor;15
Unistalda;21
Upanema;20
Uraí;15
Urandi;5
Urânia;25
Urbano Santos;10
Uruaçu;9
Uruana de Minas;13
Uruana;9
Uruará;16
Urubici;24
Uruburetama;6
Urucânia;13
Urucará;4
Uruçuca;5
Urucuia;13
Uruçuí;18
Urucurituba;4
Uruguaiana;21
Uruoca;6
Urupá;22
Urupema;24
Urupês;25
Uru;25
Urussanga;24
Urutaí;9
Utinga;5
Vacaria;21
Vale de São Domingos;12
Vale do Anari;22
Vale do Paraíso;22
Vale do Sol;21
Valença;5
Valença do Piauí;18
Valença;19
Valente;5
Valentim Gentil;25
Vale Real;21
Vale Verde;21
Valinhos;25
Valparaíso de Goiás;9
Valparaíso;25
Vanini;21
Vargeão;24
Vargem Alegre;13
Vargem Alta;8
Vargem Bonita;13
Vargem Bonita;24
Vargem Grande do Rio Pardo;13
Vargem Grande do Sul;25
Vargem Grande;10
Vargem Grande Paulista;25
Vargem;24
Vargem;25
Varginha;13
Varjão de Minas;13
Varjão;9
Varjota;6
Varre-Sai;19
Várzea Alegre;6
Várzea Branca;18
Várzea da Palma;13
Várzea da Roça;5
Várzea do Poço;5
Várzea Grande;12
Várzea Grande;18
Várzea Nova;5
Várzea Paulista;25
Várzea;14
Várzea;20
Varzedo;5
Varzelândia;13
Vassouras;19
Vazante;13
Venâncio Aires;21
Venda Nova do Imigrante;8
Venha-Ver;20
Ventania;15
Venturosa;17
Vera Cruz;5
Vera Cruz do Oeste;15
Vera Cruz;20
Vera Cruz;21
Vera Cruz;25
Vera Mendes;18
Vera;12
Veranópolis;21
Verdejante;17
Verdelândia;13
Vereda;5
Veredinha;13
Verê;15
Veríssimo;13
Vermelho Novo;13
Vertente do Lério;17
Vertentes;17
Vespasiano Correa;21
Vespasiano;13
Viadutos;21
Viamão;21
Viana;8
Viana;10
Vianópolis;9
Vicência;17
Vicente Dutra;21
Vicentina;11
Vicentinópolis;9
Viçosa;2
Viçosa do Ceará;6
Viçosa;13
Viçosa;20
Victor Graeff;21
Vidal Ramos;24
Videira;24
Vieiras;13
Vieirópolis;14
Vigia;16
Vila Bela da Santíssima Trindade;12
Vila Boa;9
Vila Flores;21
Vila Flor;20
Vila Lângaro;21
Vila Maria;21
Vila Nova do Piauí;18
Vila Nova dos Martírios;10
Vila Nova do Sul;21
Vila Pavão;8
Vila Propício;9
Vila Rica;12
Vila Valério;8
Vila Velha;8
Vilhena;22
Vinhedo;25
Viradouro;25
Virgem da Lapa;13
Virgínia;13
Virginópolis;13
Virgolândia;13
Virmond;15
Visconde do Rio Branco;13
Viseu;16
Vista Alegre do Alto;25
Vista Alegre do Prata;21
Vista Alegre;21
Vista Gaúcha;21
Vista Serrana;14
Vitória Brasil;25
Vitória da Conquista;5
Vitória das Missões;21
Vitória de Santo Antão;17
Vitória do Jari;3
Vitória do Mearim;10
Vitória do Xingu;16
Vitória;8
Vitorino Freire;10
Vitorino;15
Vitor Meireles;24
Volta Grande;13
Volta Redonda;19
Votorantim;25
Votuporanga;25
Wagner;5
Wall Ferraz;18
Wanderlândia;27
Wanderley;5
Wenceslau Braz;13
Wenceslau Braz;15
Wenceslau Guimarães;5
Westfalia;21
Witmarsum;24
Xambioá;27
Xambrê;15
Xangri-Lá;21
Xanxerê;24
Xapuri;1
Xavantina;24
Xaxim;24
Xexéu;17
Xinguara;16
Xique-Xique;5
Zabelê;14
Zacarias;25
Zé Doca;10
Zortéa;24
